uav_path,sate_path,retrieved_x,retrieved_y,gt_x,gt_y
/usr1/home/s125mdg43_07/remote/rebuild_UAV/test/query_drone/drone_13_0.jpg,/usr1/home/s125mdg43_07/remote/stage2dataset/gallery/gallery_patch_000716.jpg,1650.0,7050.0,1664.67,7134.53
/usr1/home/s125mdg43_07/remote/rebuild_UAV/test/query_drone/drone_13_1.jpg,/usr1/home/s125mdg43_07/remote/stage2dataset/gallery/gallery_patch_000717.jpg,1650.0,7200.0,1664.67,7213.93
/usr1/home/s125mdg43_07/remote/rebuild_UAV/test/query_drone/drone_13_2.jpg,/usr1/home/s125mdg43_07/remote/stage2dataset/gallery/gallery_patch_000717.jpg,1650.0,7200.0,1664.67,7292.69
/usr1/home/s125mdg43_07/remote/rebuild_UAV/test/query_drone/drone_13_3.jpg,/usr1/home/s125mdg43_07/remote/stage2dataset/gallery/gallery_patch_000650.jpg,1500.0,7200.0,1665.78,7371.45
/usr1/home/s125mdg43_07/remote/rebuild_UAV/test/query_drone/drone_13_4.jpg,/usr1/home/s125mdg43_07/remote/stage2dataset/gallery/gallery_patch_000852.jpg,1950.0,7350.0,1665.78,7450.85
/usr1/home/s125mdg43_07/remote/rebuild_UAV/test/query_drone/drone_13_5.jpg,/usr1/home/s125mdg43_07/remote/stage2dataset/gallery/gallery_patch_000719.jpg,1650.0,7500.0,1665.78,7529.61
/usr1/home/s125mdg43_07/remote/rebuild_UAV/test/query_drone/drone_13_6.jpg,/usr1/home/s125mdg43_07/remote/stage2dataset/gallery/gallery_patch_000652.jpg,1500.0,7500.0,1664.67,7608.37
/usr1/home/s125mdg43_07/remote/rebuild_UAV/test/query_drone/drone_13_7.jpg,/usr1/home/s125mdg43_07/remote/stage2dataset/gallery/gallery_patch_000720.jpg,1650.0,7650.0,1664.67,7687.77
/usr1/home/s125mdg43_07/remote/rebuild_UAV/test/query_drone/drone_13_8.jpg,/usr1/home/s125mdg43_07/remote/stage2dataset/gallery/gallery_patch_000788.jpg,1800.0,7800.0,1662.46,7766.53
/usr1/home/s125mdg43_07/remote/rebuild_UAV/test/query_drone/drone_13_9.jpg,/usr1/home/s125mdg43_07/remote/stage2dataset/gallery/gallery_patch_000720.jpg,1650.0,7650.0,1662.46,7845.29
/usr1/home/s125mdg43_07/remote/rebuild_UAV/test/query_drone/drone_13_10.jpg,/usr1/home/s125mdg43_07/remote/stage2dataset/gallery/gallery_patch_000722.jpg,1650.0,7950.0,1664.67,7924.69
/usr1/home/s125mdg43_07/remote/rebuild_UAV/test/query_drone/drone_13_11.jpg,/usr1/home/s125mdg43_07/remote/stage2dataset/gallery/gallery_patch_000655.jpg,1500.0,7950.0,1664.67,8003.45
/usr1/home/s125mdg43_07/remote/rebuild_UAV/test/query_drone/drone_13_12.jpg,/usr1/home/s125mdg43_07/remote/stage2dataset/gallery/gallery_patch_000723.jpg,1650.0,8100.0,1664.67,8082.85
/usr1/home/s125mdg43_07/remote/rebuild_UAV/test/query_drone/drone_13_13.jpg,/usr1/home/s125mdg43_07/remote/stage2dataset/gallery/gallery_patch_000723.jpg,1650.0,8100.0,1664.67,8161.61
/usr1/home/s125mdg43_07/remote/rebuild_UAV/test/query_drone/drone_13_14.jpg,/usr1/home/s125mdg43_07/remote/stage2dataset/gallery/gallery_patch_000723.jpg,1650.0,8100.0,1665.78,8240.37
/usr1/home/s125mdg43_07/remote/rebuild_UAV/test/query_drone/drone_13_15.jpg,/usr1/home/s125mdg43_07/remote/stage2dataset/gallery/gallery_patch_000724.jpg,1650.0,8250.0,1665.78,8319.77
/usr1/home/s125mdg43_07/remote/rebuild_UAV/test/query_drone/drone_13_16.jpg,/usr1/home/s125mdg43_07/remote/stage2dataset/gallery/gallery_patch_000859.jpg,1950.0,8400.0,1664.67,8398.53
/usr1/home/s125mdg43_07/remote/rebuild_UAV/test/query_drone/drone_13_17.jpg,/usr1/home/s125mdg43_07/remote/stage2dataset/gallery/gallery_patch_000658.jpg,1500.0,8400.0,1665.78,8477.29
/usr1/home/s125mdg43_07/remote/rebuild_UAV/test/query_drone/drone_13_18.jpg,/usr1/home/s125mdg43_07/remote/stage2dataset/gallery/gallery_patch_000793.jpg,1800.0,8550.0,1665.78,8556.69
/usr1/home/s125mdg43_07/remote/rebuild_UAV/test/query_drone/drone_13_19.jpg,/usr1/home/s125mdg43_07/remote/stage2dataset/gallery/gallery_patch_000726.jpg,1650.0,8550.0,1665.78,8635.45
/usr1/home/s125mdg43_07/remote/rebuild_UAV/test/query_drone/drone_13_20.jpg,/usr1/home/s125mdg43_07/remote/stage2dataset/gallery/gallery_patch_000727.jpg,1650.0,8700.0,1665.78,8714.85
/usr1/home/s125mdg43_07/remote/rebuild_UAV/test/query_drone/drone_13_21.jpg,/usr1/home/s125mdg43_07/remote/stage2dataset/gallery/gallery_patch_000862.jpg,1950.0,8850.0,1666.88,8793.61
/usr1/home/s125mdg43_07/remote/rebuild_UAV/test/query_drone/drone_13_22.jpg,/usr1/home/s125mdg43_07/remote/stage2dataset/gallery/gallery_patch_000661.jpg,1500.0,8850.0,1665.78,8873.01
/usr1/home/s125mdg43_07/remote/rebuild_UAV/test/query_drone/drone_13_23.jpg,/usr1/home/s125mdg43_07/remote/stage2dataset/gallery/gallery_patch_000796.jpg,1800.0,9000.0,1665.78,8951.77
/usr1/home/s125mdg43_07/remote/rebuild_UAV/test/query_drone/drone_13_24.jpg,/usr1/home/s125mdg43_07/remote/stage2dataset/gallery/gallery_patch_000729.jpg,1650.0,9000.0,1664.67,9030.53
/usr1/home/s125mdg43_07/remote/rebuild_UAV/test/query_drone/drone_13_25.jpg,/usr1/home/s125mdg43_07/remote/stage2dataset/gallery/gallery_patch_000730.jpg,1650.0,9150.0,1664.67,9109.93
/usr1/home/s125mdg43_07/remote/rebuild_UAV/test/query_drone/drone_13_26.jpg,/usr1/home/s125mdg43_07/remote/stage2dataset/gallery/gallery_patch_000730.jpg,1650.0,9150.0,1664.67,9188.69
/usr1/home/s125mdg43_07/remote/rebuild_UAV/test/query_drone/drone_13_27.jpg,/usr1/home/s125mdg43_07/remote/stage2dataset/gallery/gallery_patch_000596.jpg,1350.0,9150.0,1665.78,9267.45
/usr1/home/s125mdg43_07/remote/rebuild_UAV/test/query_drone/drone_13_28.jpg,/usr1/home/s125mdg43_07/remote/stage2dataset/gallery/gallery_patch_000865.jpg,1950.0,9300.0,1865.08,9253.17
/usr1/home/s125mdg43_07/remote/rebuild_UAV/test/query_drone/drone_13_29.jpg,/usr1/home/s125mdg43_07/remote/stage2dataset/gallery/gallery_patch_000797.jpg,1800.0,9150.0,1866.19,9175.05
/usr1/home/s125mdg43_07/remote/rebuild_UAV/test/query_drone/drone_13_30.jpg,/usr1/home/s125mdg43_07/remote/stage2dataset/gallery/gallery_patch_000797.jpg,1800.0,9150.0,1865.08,9095.65
/usr1/home/s125mdg43_07/remote/rebuild_UAV/test/query_drone/drone_13_31.jpg,/usr1/home/s125mdg43_07/remote/stage2dataset/gallery/gallery_patch_000661.jpg,1500.0,8850.0,1865.08,9016.25
/usr1/home/s125mdg43_07/remote/rebuild_UAV/test/query_drone/drone_13_32.jpg,/usr1/home/s125mdg43_07/remote/stage2dataset/gallery/gallery_patch_000863.jpg,1950.0,9000.0,1865.08,8937.49
/usr1/home/s125mdg43_07/remote/rebuild_UAV/test/query_drone/drone_13_33.jpg,/usr1/home/s125mdg43_07/remote/stage2dataset/gallery/gallery_patch_000728.jpg,1650.0,8850.0,1863.98,8858.73
/usr1/home/s125mdg43_07/remote/rebuild_UAV/test/query_drone/drone_13_34.jpg,/usr1/home/s125mdg43_07/remote/stage2dataset/gallery/gallery_patch_000861.jpg,1950.0,8700.0,1865.08,8779.33
/usr1/home/s125mdg43_07/remote/rebuild_UAV/test/query_drone/drone_13_35.jpg,/usr1/home/s125mdg43_07/remote/stage2dataset/gallery/gallery_patch_000726.jpg,1650.0,8550.0,1866.19,8700.57
/usr1/home/s125mdg43_07/remote/rebuild_UAV/test/query_drone/drone_13_36.jpg,/usr1/home/s125mdg43_07/remote/stage2dataset/gallery/gallery_patch_000658.jpg,1500.0,8400.0,1865.08,8621.81
/usr1/home/s125mdg43_07/remote/rebuild_UAV/test/query_drone/drone_13_37.jpg,/usr1/home/s125mdg43_07/remote/stage2dataset/gallery/gallery_patch_000860.jpg,1950.0,8550.0,1865.08,8542.41
/usr1/home/s125mdg43_07/remote/rebuild_UAV/test/query_drone/drone_13_38.jpg,/usr1/home/s125mdg43_07/remote/stage2dataset/gallery/gallery_patch_000860.jpg,1950.0,8550.0,1863.98,8463.65
/usr1/home/s125mdg43_07/remote/rebuild_UAV/test/query_drone/drone_13_39.jpg,/usr1/home/s125mdg43_07/remote/stage2dataset/gallery/gallery_patch_000792.jpg,1800.0,8400.0,1863.98,8384.89
/usr1/home/s125mdg43_07/remote/rebuild_UAV/test/query_drone/drone_13_40.jpg,/usr1/home/s125mdg43_07/remote/stage2dataset/gallery/gallery_patch_000792.jpg,1800.0,8400.0,1866.19,8305.49
/usr1/home/s125mdg43_07/remote/rebuild_UAV/test/query_drone/drone_13_41.jpg,/usr1/home/s125mdg43_07/remote/stage2dataset/gallery/gallery_patch_000858.jpg,1950.0,8250.0,1863.98,8226.73
/usr1/home/s125mdg43_07/remote/rebuild_UAV/test/query_drone/drone_13_42.jpg,/usr1/home/s125mdg43_07/remote/stage2dataset/gallery/gallery_patch_000791.jpg,1800.0,8250.0,1865.08,8147.33
/usr1/home/s125mdg43_07/remote/rebuild_UAV/test/query_drone/drone_13_43.jpg,/usr1/home/s125mdg43_07/remote/stage2dataset/gallery/gallery_patch_000857.jpg,1950.0,8100.0,1865.08,8068.57
/usr1/home/s125mdg43_07/remote/rebuild_UAV/test/query_drone/drone_13_44.jpg,/usr1/home/s125mdg43_07/remote/stage2dataset/gallery/gallery_patch_000789.jpg,1800.0,7950.0,1863.98,7989.81
/usr1/home/s125mdg43_07/remote/rebuild_UAV/test/query_drone/drone_13_45.jpg,/usr1/home/s125mdg43_07/remote/stage2dataset/gallery/gallery_patch_000789.jpg,1800.0,7950.0,1865.08,7910.41
/usr1/home/s125mdg43_07/remote/rebuild_UAV/test/query_drone/drone_13_46.jpg,/usr1/home/s125mdg43_07/remote/stage2dataset/gallery/gallery_patch_000788.jpg,1800.0,7800.0,1863.98,7831.65
/usr1/home/s125mdg43_07/remote/rebuild_UAV/test/query_drone/drone_13_47.jpg,/usr1/home/s125mdg43_07/remote/stage2dataset/gallery/gallery_patch_000788.jpg,1800.0,7800.0,1865.08,7752.25
/usr1/home/s125mdg43_07/remote/rebuild_UAV/test/query_drone/drone_13_48.jpg,/usr1/home/s125mdg43_07/remote/stage2dataset/gallery/gallery_patch_000787.jpg,1800.0,7650.0,1863.98,7673.49
/usr1/home/s125mdg43_07/remote/rebuild_UAV/test/query_drone/drone_13_49.jpg,/usr1/home/s125mdg43_07/remote/stage2dataset/gallery/gallery_patch_000787.jpg,1800.0,7650.0,1863.98,7594.73
/usr1/home/s125mdg43_07/remote/rebuild_UAV/test/query_drone/drone_13_50.jpg,/usr1/home/s125mdg43_07/remote/stage2dataset/gallery/gallery_patch_000786.jpg,1800.0,7500.0,1863.98,7515.33
/usr1/home/s125mdg43_07/remote/rebuild_UAV/test/query_drone/drone_13_51.jpg,/usr1/home/s125mdg43_07/remote/stage2dataset/gallery/gallery_patch_000786.jpg,1800.0,7500.0,1863.98,7436.57
/usr1/home/s125mdg43_07/remote/rebuild_UAV/test/query_drone/drone_13_52.jpg,/usr1/home/s125mdg43_07/remote/stage2dataset/gallery/gallery_patch_000785.jpg,1800.0,7350.0,1863.98,7357.17
/usr1/home/s125mdg43_07/remote/rebuild_UAV/test/query_drone/drone_13_53.jpg,/usr1/home/s125mdg43_07/remote/stage2dataset/gallery/gallery_patch_000785.jpg,1800.0,7350.0,1863.98,7278.41
/usr1/home/s125mdg43_07/remote/rebuild_UAV/test/query_drone/drone_13_54.jpg,/usr1/home/s125mdg43_07/remote/stage2dataset/gallery/gallery_patch_000784.jpg,1800.0,7200.0,1863.98,7199.02
/usr1/home/s125mdg43_07/remote/rebuild_UAV/test/query_drone/drone_13_55.jpg,/usr1/home/s125mdg43_07/remote/stage2dataset/gallery/gallery_patch_000783.jpg,1800.0,7050.0,1861.76,7120.25
/usr1/home/s125mdg43_07/remote/rebuild_UAV/test/query_drone/drone_13_56.jpg,/usr1/home/s125mdg43_07/remote/stage2dataset/gallery/gallery_patch_000851.jpg,1950.0,7200.0,1863.98,7041.49
/usr1/home/s125mdg43_07/remote/rebuild_UAV/test/query_drone/drone_13_57.jpg,/usr1/home/s125mdg43_07/remote/stage2dataset/gallery/gallery_patch_000782.jpg,1800.0,6900.0,1861.76,6962.73
/usr1/home/s125mdg43_07/remote/rebuild_UAV/test/query_drone/drone_13_58.jpg,/usr1/home/s125mdg43_07/remote/stage2dataset/gallery/gallery_patch_000782.jpg,1800.0,6900.0,1863.98,6883.33
/usr1/home/s125mdg43_07/remote/rebuild_UAV/test/query_drone/drone_13_59.jpg,/usr1/home/s125mdg43_07/remote/stage2dataset/gallery/gallery_patch_000781.jpg,1800.0,6750.0,1863.98,6804.57
/usr1/home/s125mdg43_07/remote/rebuild_UAV/test/query_drone/drone_13_60.jpg,/usr1/home/s125mdg43_07/remote/stage2dataset/gallery/gallery_patch_000780.jpg,1800.0,6600.0,1865.08,6725.18
/usr1/home/s125mdg43_07/remote/rebuild_UAV/test/query_drone/drone_13_61.jpg,/usr1/home/s125mdg43_07/remote/stage2dataset/gallery/gallery_patch_001228.jpg,2826.91,3450.0,1863.98,6646.41
/usr1/home/s125mdg43_07/remote/rebuild_UAV/test/query_drone/drone_13_62.jpg,/usr1/home/s125mdg43_07/remote/stage2dataset/gallery/gallery_patch_000712.jpg,1650.0,6450.0,1861.76,6567.65
/usr1/home/s125mdg43_07/remote/rebuild_UAV/test/query_drone/drone_13_63.jpg,/usr1/home/s125mdg43_07/remote/stage2dataset/gallery/gallery_patch_000712.jpg,1650.0,6450.0,1861.76,6488.26
/usr1/home/s125mdg43_07/remote/rebuild_UAV/test/query_drone/drone_13_64.jpg,/usr1/home/s125mdg43_07/remote/stage2dataset/gallery/gallery_patch_000779.jpg,1800.0,6450.0,1865.08,6409.49
/usr1/home/s125mdg43_07/remote/rebuild_UAV/test/query_drone/drone_13_65.jpg,/usr1/home/s125mdg43_07/remote/stage2dataset/gallery/gallery_patch_000650.jpg,1500.0,7200.0,1861.76,6330.1
/usr1/home/s125mdg43_07/remote/rebuild_UAV/test/query_drone/drone_13_66.jpg,/usr1/home/s125mdg43_07/remote/stage2dataset/gallery/gallery_patch_000084.jpg,300.0,2700.0,1863.98,6251.34
/usr1/home/s125mdg43_07/remote/rebuild_UAV/test/query_drone/drone_13_67.jpg,/usr1/home/s125mdg43_07/remote/stage2dataset/gallery/gallery_patch_000709.jpg,1650.0,6000.0,1861.76,6172.57
/usr1/home/s125mdg43_07/remote/rebuild_UAV/test/query_drone/drone_13_68.jpg,/usr1/home/s125mdg43_07/remote/stage2dataset/gallery/gallery_patch_000708.jpg,1650.0,5850.0,1863.98,6093.18
/usr1/home/s125mdg43_07/remote/rebuild_UAV/test/query_drone/drone_13_69.jpg,/usr1/home/s125mdg43_07/remote/stage2dataset/gallery/gallery_patch_000708.jpg,1650.0,5850.0,1861.76,6014.41
/usr1/home/s125mdg43_07/remote/rebuild_UAV/test/query_drone/drone_13_70.jpg,/usr1/home/s125mdg43_07/remote/stage2dataset/gallery/gallery_patch_000504.jpg,1200.0,5400.0,1861.76,5935.65
/usr1/home/s125mdg43_07/remote/rebuild_UAV/test/query_drone/drone_13_71.jpg,/usr1/home/s125mdg43_07/remote/stage2dataset/gallery/gallery_patch_000031.jpg,150.0,4800.0,1863.98,5856.26
/usr1/home/s125mdg43_07/remote/rebuild_UAV/test/query_drone/drone_13_72.jpg,/usr1/home/s125mdg43_07/remote/stage2dataset/gallery/gallery_patch_000969.jpg,2250.0,4800.0,1861.76,5777.49
/usr1/home/s125mdg43_07/remote/rebuild_UAV/test/query_drone/drone_13_73.jpg,/usr1/home/s125mdg43_07/remote/stage2dataset/gallery/gallery_patch_000432.jpg,1050.0,4650.0,1861.76,5698.73
/usr1/home/s125mdg43_07/remote/rebuild_UAV/test/query_drone/drone_13_74.jpg,/usr1/home/s125mdg43_07/remote/stage2dataset/gallery/gallery_patch_000633.jpg,1500.0,4650.0,1863.98,5619.34
/usr1/home/s125mdg43_07/remote/rebuild_UAV/test/query_drone/drone_13_75.jpg,/usr1/home/s125mdg43_07/remote/stage2dataset/gallery/gallery_patch_000636.jpg,1500.0,5100.0,1863.98,5539.94
/usr1/home/s125mdg43_07/remote/rebuild_UAV/test/query_drone/drone_13_76.jpg,/usr1/home/s125mdg43_07/remote/stage2dataset/gallery/gallery_patch_000366.jpg,900.0,4800.0,1863.98,5461.18
/usr1/home/s125mdg43_07/remote/rebuild_UAV/test/query_drone/drone_13_77.jpg,/usr1/home/s125mdg43_07/remote/stage2dataset/gallery/gallery_patch_000966.jpg,2250.0,4350.0,1863.98,5382.41
/usr1/home/s125mdg43_07/remote/rebuild_UAV/test/query_drone/drone_13_78.jpg,/usr1/home/s125mdg43_07/remote/stage2dataset/gallery/gallery_patch_000563.jpg,1350.0,4200.0,1860.65,5303.02
/usr1/home/s125mdg43_07/remote/rebuild_UAV/test/query_drone/drone_13_79.jpg,/usr1/home/s125mdg43_07/remote/stage2dataset/gallery/gallery_patch_000563.jpg,1350.0,4200.0,1861.76,5224.26
/usr1/home/s125mdg43_07/remote/rebuild_UAV/test/query_drone/drone_13_80.jpg,/usr1/home/s125mdg43_07/remote/stage2dataset/gallery/gallery_patch_000302.jpg,750.0,5250.0,1861.76,5145.49
/usr1/home/s125mdg43_07/remote/rebuild_UAV/test/query_drone/drone_13_81.jpg,/usr1/home/s125mdg43_07/remote/stage2dataset/gallery/gallery_patch_000301.jpg,750.0,5100.0,1860.65,5066.1
/usr1/home/s125mdg43_07/remote/rebuild_UAV/test/query_drone/drone_13_82.jpg,/usr1/home/s125mdg43_07/remote/stage2dataset/gallery/gallery_patch_000561.jpg,1350.0,3900.0,1863.98,4987.34
/usr1/home/s125mdg43_07/remote/rebuild_UAV/test/query_drone/drone_13_83.jpg,/usr1/home/s125mdg43_07/remote/stage2dataset/gallery/gallery_patch_000166.jpg,450.0,4950.0,1861.76,4908.57
/usr1/home/s125mdg43_07/remote/rebuild_UAV/test/query_drone/drone_13_84.jpg,/usr1/home/s125mdg43_07/remote/stage2dataset/gallery/gallery_patch_000166.jpg,450.0,4950.0,1861.76,4829.18
/usr1/home/s125mdg43_07/remote/rebuild_UAV/test/query_drone/drone_13_85.jpg,/usr1/home/s125mdg43_07/remote/stage2dataset/gallery/gallery_patch_000166.jpg,450.0,4950.0,1860.65,4750.41
/usr1/home/s125mdg43_07/remote/rebuild_UAV/test/query_drone/drone_13_86.jpg,/usr1/home/s125mdg43_07/remote/stage2dataset/gallery/gallery_patch_000706.jpg,1650.0,5550.0,1861.76,4671.65
/usr1/home/s125mdg43_07/remote/rebuild_UAV/test/query_drone/drone_13_87.jpg,/usr1/home/s125mdg43_07/remote/stage2dataset/gallery/gallery_patch_000234.jpg,600.0,5100.0,1860.65,4592.26
/usr1/home/s125mdg43_07/remote/rebuild_UAV/test/query_drone/drone_13_88.jpg,/usr1/home/s125mdg43_07/remote/stage2dataset/gallery/gallery_patch_000031.jpg,150.0,4800.0,1863.98,4512.86
/usr1/home/s125mdg43_07/remote/rebuild_UAV/test/query_drone/drone_13_89.jpg,/usr1/home/s125mdg43_07/remote/stage2dataset/gallery/gallery_patch_000558.jpg,1350.0,3450.0,1860.65,4434.1
/usr1/home/s125mdg43_07/remote/rebuild_UAV/test/query_drone/drone_13_90.jpg,/usr1/home/s125mdg43_07/remote/stage2dataset/gallery/gallery_patch_000495.jpg,1200.0,4050.0,1860.65,4355.34
/usr1/home/s125mdg43_07/remote/rebuild_UAV/test/query_drone/drone_13_91.jpg,/usr1/home/s125mdg43_07/remote/stage2dataset/gallery/gallery_patch_000496.jpg,1200.0,4200.0,1861.76,4275.94
/usr1/home/s125mdg43_07/remote/rebuild_UAV/test/query_drone/drone_13_92.jpg,/usr1/home/s125mdg43_07/remote/stage2dataset/gallery/gallery_patch_001032.jpg,2400.0,4200.0,1859.54,4197.18
/usr1/home/s125mdg43_07/remote/rebuild_UAV/test/query_drone/drone_13_93.jpg,/usr1/home/s125mdg43_07/remote/stage2dataset/gallery/gallery_patch_000221.jpg,600.0,3150.0,1861.76,4118.42
/usr1/home/s125mdg43_07/remote/rebuild_UAV/test/query_drone/drone_13_94.jpg,/usr1/home/s125mdg43_07/remote/stage2dataset/gallery/gallery_patch_000561.jpg,1350.0,3900.0,1861.76,4039.02
/usr1/home/s125mdg43_07/remote/rebuild_UAV/test/query_drone/drone_13_95.jpg,/usr1/home/s125mdg43_07/remote/stage2dataset/gallery/gallery_patch_000962.jpg,2250.0,3750.0,1860.65,3960.26
/usr1/home/s125mdg43_07/remote/rebuild_UAV/test/query_drone/drone_13_96.jpg,/usr1/home/s125mdg43_07/remote/stage2dataset/gallery/gallery_patch_000561.jpg,1350.0,3900.0,1859.54,3881.5
/usr1/home/s125mdg43_07/remote/rebuild_UAV/test/query_drone/drone_13_97.jpg,/usr1/home/s125mdg43_07/remote/stage2dataset/gallery/gallery_patch_000828.jpg,1950.0,3750.0,1860.65,3802.1
/usr1/home/s125mdg43_07/remote/rebuild_UAV/test/query_drone/drone_13_98.jpg,/usr1/home/s125mdg43_07/remote/stage2dataset/gallery/gallery_patch_000828.jpg,1950.0,3750.0,1859.54,3722.7
/usr1/home/s125mdg43_07/remote/rebuild_UAV/test/query_drone/drone_13_99.jpg,/usr1/home/s125mdg43_07/remote/stage2dataset/gallery/gallery_patch_000760.jpg,1800.0,3600.0,1861.76,3643.94
/usr1/home/s125mdg43_07/remote/rebuild_UAV/test/query_drone/drone_13_100.jpg,/usr1/home/s125mdg43_07/remote/stage2dataset/gallery/gallery_patch_000760.jpg,1800.0,3600.0,1860.65,3565.18
/usr1/home/s125mdg43_07/remote/rebuild_UAV/test/query_drone/drone_13_101.jpg,/usr1/home/s125mdg43_07/remote/stage2dataset/gallery/gallery_patch_000760.jpg,1800.0,3600.0,1860.65,3485.78
/usr1/home/s125mdg43_07/remote/rebuild_UAV/test/query_drone/drone_13_102.jpg,/usr1/home/s125mdg43_07/remote/stage2dataset/gallery/gallery_patch_000759.jpg,1800.0,3450.0,1860.65,3407.02
/usr1/home/s125mdg43_07/remote/rebuild_UAV/test/query_drone/drone_13_103.jpg,/usr1/home/s125mdg43_07/remote/stage2dataset/gallery/gallery_patch_000758.jpg,1800.0,3300.0,1857.33,3328.26
/usr1/home/s125mdg43_07/remote/rebuild_UAV/test/query_drone/drone_13_104.jpg,/usr1/home/s125mdg43_07/remote/stage2dataset/gallery/gallery_patch_000758.jpg,1800.0,3300.0,1865.08,3248.86
/usr1/home/s125mdg43_07/remote/rebuild_UAV/test/query_drone/drone_13_105.jpg,/usr1/home/s125mdg43_07/remote/stage2dataset/gallery/gallery_patch_000757.jpg,1800.0,3150.0,1861.76,3170.1
/usr1/home/s125mdg43_07/remote/rebuild_UAV/test/query_drone/drone_13_106.jpg,/usr1/home/s125mdg43_07/remote/stage2dataset/gallery/gallery_patch_000757.jpg,1800.0,3150.0,1859.54,3091.34
/usr1/home/s125mdg43_07/remote/rebuild_UAV/test/query_drone/drone_13_107.jpg,/usr1/home/s125mdg43_07/remote/stage2dataset/gallery/gallery_patch_000756.jpg,1800.0,3000.0,1861.76,3011.94
/usr1/home/s125mdg43_07/remote/rebuild_UAV/test/query_drone/drone_13_108.jpg,/usr1/home/s125mdg43_07/remote/stage2dataset/gallery/gallery_patch_000756.jpg,1800.0,3000.0,1859.54,2932.54
/usr1/home/s125mdg43_07/remote/rebuild_UAV/test/query_drone/drone_13_109.jpg,/usr1/home/s125mdg43_07/remote/stage2dataset/gallery/gallery_patch_000755.jpg,1800.0,2850.0,1860.65,2854.42
/usr1/home/s125mdg43_07/remote/rebuild_UAV/test/query_drone/drone_13_110.jpg,/usr1/home/s125mdg43_07/remote/stage2dataset/gallery/gallery_patch_000755.jpg,1800.0,2850.0,1861.76,2775.02
/usr1/home/s125mdg43_07/remote/rebuild_UAV/test/query_drone/drone_13_111.jpg,/usr1/home/s125mdg43_07/remote/stage2dataset/gallery/gallery_patch_000821.jpg,1950.0,2700.0,1859.54,2695.62
/usr1/home/s125mdg43_07/remote/rebuild_UAV/test/query_drone/drone_13_112.jpg,/usr1/home/s125mdg43_07/remote/stage2dataset/gallery/gallery_patch_000754.jpg,1800.0,2700.0,1860.65,2616.86
/usr1/home/s125mdg43_07/remote/rebuild_UAV/test/query_drone/drone_13_113.jpg,/usr1/home/s125mdg43_07/remote/stage2dataset/gallery/gallery_patch_000753.jpg,1800.0,2550.0,1859.54,2538.1
/usr1/home/s125mdg43_07/remote/rebuild_UAV/test/query_drone/drone_13_114.jpg,/usr1/home/s125mdg43_07/remote/stage2dataset/gallery/gallery_patch_000753.jpg,1800.0,2550.0,1861.76,2459.34
/usr1/home/s125mdg43_07/remote/rebuild_UAV/test/query_drone/drone_13_115.jpg,/usr1/home/s125mdg43_07/remote/stage2dataset/gallery/gallery_patch_000752.jpg,1800.0,2400.0,1859.54,2379.94
/usr1/home/s125mdg43_07/remote/rebuild_UAV/test/query_drone/drone_13_116.jpg,/usr1/home/s125mdg43_07/remote/stage2dataset/gallery/gallery_patch_000818.jpg,1950.0,2250.0,1859.54,2301.18
/usr1/home/s125mdg43_07/remote/rebuild_UAV/test/query_drone/drone_13_117.jpg,/usr1/home/s125mdg43_07/remote/stage2dataset/gallery/gallery_patch_000818.jpg,1950.0,2250.0,1860.65,2221.78
/usr1/home/s125mdg43_07/remote/rebuild_UAV/test/query_drone/drone_13_118.jpg,/usr1/home/s125mdg43_07/remote/stage2dataset/gallery/gallery_patch_000751.jpg,1800.0,2250.0,1861.76,2143.02
/usr1/home/s125mdg43_07/remote/rebuild_UAV/test/query_drone/drone_13_119.jpg,/usr1/home/s125mdg43_07/remote/stage2dataset/gallery/gallery_patch_000750.jpg,1800.0,2100.0,1859.54,2064.26
/usr1/home/s125mdg43_07/remote/rebuild_UAV/test/query_drone/drone_13_120.jpg,/usr1/home/s125mdg43_07/remote/stage2dataset/gallery/gallery_patch_000817.jpg,1950.0,2100.0,1858.44,1984.86
/usr1/home/s125mdg43_07/remote/rebuild_UAV/test/query_drone/drone_13_121.jpg,/usr1/home/s125mdg43_07/remote/stage2dataset/gallery/gallery_patch_000815.jpg,1950.0,1800.0,1859.54,1906.1
/usr1/home/s125mdg43_07/remote/rebuild_UAV/test/query_drone/drone_13_122.jpg,/usr1/home/s125mdg43_07/remote/stage2dataset/gallery/gallery_patch_000815.jpg,1950.0,1800.0,1860.65,1826.7
/usr1/home/s125mdg43_07/remote/rebuild_UAV/test/query_drone/drone_13_123.jpg,/usr1/home/s125mdg43_07/remote/stage2dataset/gallery/gallery_patch_000748.jpg,1800.0,1800.0,1860.65,1747.94
/usr1/home/s125mdg43_07/remote/rebuild_UAV/test/query_drone/drone_13_124.jpg,/usr1/home/s125mdg43_07/remote/stage2dataset/gallery/gallery_patch_000814.jpg,1950.0,1650.0,1861.76,1668.54
/usr1/home/s125mdg43_07/remote/rebuild_UAV/test/query_drone/drone_13_125.jpg,/usr1/home/s125mdg43_07/remote/stage2dataset/gallery/gallery_patch_000814.jpg,1950.0,1650.0,1860.65,1589.78
/usr1/home/s125mdg43_07/remote/rebuild_UAV/test/query_drone/drone_13_126.jpg,/usr1/home/s125mdg43_07/remote/stage2dataset/gallery/gallery_patch_000813.jpg,1950.0,1500.0,1859.54,1511.02
/usr1/home/s125mdg43_07/remote/rebuild_UAV/test/query_drone/drone_13_127.jpg,/usr1/home/s125mdg43_07/remote/stage2dataset/gallery/gallery_patch_000812.jpg,1950.0,1350.0,1859.54,1431.62
/usr1/home/s125mdg43_07/remote/rebuild_UAV/test/query_drone/drone_13_128.jpg,/usr1/home/s125mdg43_07/remote/stage2dataset/gallery/gallery_patch_000812.jpg,1950.0,1350.0,1861.76,1352.86
/usr1/home/s125mdg43_07/remote/rebuild_UAV/test/query_drone/drone_13_129.jpg,/usr1/home/s125mdg43_07/remote/stage2dataset/gallery/gallery_patch_000745.jpg,1800.0,1350.0,1858.44,1274.1
/usr1/home/s125mdg43_07/remote/rebuild_UAV/test/query_drone/drone_13_130.jpg,/usr1/home/s125mdg43_07/remote/stage2dataset/gallery/gallery_patch_000811.jpg,1950.0,1200.0,1859.54,1194.7
/usr1/home/s125mdg43_07/remote/rebuild_UAV/test/query_drone/drone_13_131.jpg,/usr1/home/s125mdg43_07/remote/stage2dataset/gallery/gallery_patch_000810.jpg,1950.0,1050.0,1860.65,1115.94
/usr1/home/s125mdg43_07/remote/rebuild_UAV/test/query_drone/drone_13_132.jpg,/usr1/home/s125mdg43_07/remote/stage2dataset/gallery/gallery_patch_000809.jpg,1950.0,900.0,1859.54,1036.55
/usr1/home/s125mdg43_07/remote/rebuild_UAV/test/query_drone/drone_13_133.jpg,/usr1/home/s125mdg43_07/remote/stage2dataset/gallery/gallery_patch_000809.jpg,1950.0,900.0,1858.44,958.42
/usr1/home/s125mdg43_07/remote/rebuild_UAV/test/query_drone/drone_13_134.jpg,/usr1/home/s125mdg43_07/remote/stage2dataset/gallery/gallery_patch_000742.jpg,1800.0,900.0,1859.54,898.08
/usr1/home/s125mdg43_07/remote/rebuild_UAV/test/query_drone/drone_13_135.jpg,/usr1/home/s125mdg43_07/remote/stage2dataset/gallery/gallery_patch_000876.jpg,2100.0,900.0,2056.64,972.06
/usr1/home/s125mdg43_07/remote/rebuild_UAV/test/query_drone/drone_13_136.jpg,/usr1/home/s125mdg43_07/remote/stage2dataset/gallery/gallery_patch_000876.jpg,2100.0,900.0,2057.74,1051.46
/usr1/home/s125mdg43_07/remote/rebuild_UAV/test/query_drone/drone_13_137.jpg,/usr1/home/s125mdg43_07/remote/stage2dataset/gallery/gallery_patch_000943.jpg,2250.0,900.0,2057.74,1130.22
/usr1/home/s125mdg43_07/remote/rebuild_UAV/test/query_drone/drone_13_138.jpg,/usr1/home/s125mdg43_07/remote/stage2dataset/gallery/gallery_patch_000878.jpg,2100.0,1200.0,2057.74,1208.98
/usr1/home/s125mdg43_07/remote/rebuild_UAV/test/query_drone/drone_13_139.jpg,/usr1/home/s125mdg43_07/remote/stage2dataset/gallery/gallery_patch_000878.jpg,2100.0,1200.0,2056.64,1288.38
/usr1/home/s125mdg43_07/remote/rebuild_UAV/test/query_drone/drone_13_140.jpg,/usr1/home/s125mdg43_07/remote/stage2dataset/gallery/gallery_patch_000879.jpg,2100.0,1350.0,2057.74,1367.78
/usr1/home/s125mdg43_07/remote/rebuild_UAV/test/query_drone/drone_13_141.jpg,/usr1/home/s125mdg43_07/remote/stage2dataset/gallery/gallery_patch_000879.jpg,2100.0,1350.0,2059.95,1445.9
/usr1/home/s125mdg43_07/remote/rebuild_UAV/test/query_drone/drone_13_142.jpg,/usr1/home/s125mdg43_07/remote/stage2dataset/gallery/gallery_patch_000880.jpg,2100.0,1500.0,2058.85,1525.3
/usr1/home/s125mdg43_07/remote/rebuild_UAV/test/query_drone/drone_13_143.jpg,/usr1/home/s125mdg43_07/remote/stage2dataset/gallery/gallery_patch_000880.jpg,2100.0,1500.0,2057.74,1604.7
/usr1/home/s125mdg43_07/remote/rebuild_UAV/test/query_drone/drone_13_144.jpg,/usr1/home/s125mdg43_07/remote/stage2dataset/gallery/gallery_patch_000881.jpg,2100.0,1650.0,2058.85,1683.46
/usr1/home/s125mdg43_07/remote/rebuild_UAV/test/query_drone/drone_13_145.jpg,/usr1/home/s125mdg43_07/remote/stage2dataset/gallery/gallery_patch_000881.jpg,2100.0,1650.0,2058.85,1762.22
/usr1/home/s125mdg43_07/remote/rebuild_UAV/test/query_drone/drone_13_146.jpg,/usr1/home/s125mdg43_07/remote/stage2dataset/gallery/gallery_patch_000882.jpg,2100.0,1800.0,2057.74,1841.62
/usr1/home/s125mdg43_07/remote/rebuild_UAV/test/query_drone/drone_13_147.jpg,/usr1/home/s125mdg43_07/remote/stage2dataset/gallery/gallery_patch_000883.jpg,2100.0,1950.0,2057.74,1920.38
/usr1/home/s125mdg43_07/remote/rebuild_UAV/test/query_drone/drone_13_148.jpg,/usr1/home/s125mdg43_07/remote/stage2dataset/gallery/gallery_patch_000883.jpg,2100.0,1950.0,2058.85,1999.14
/usr1/home/s125mdg43_07/remote/rebuild_UAV/test/query_drone/drone_13_149.jpg,/usr1/home/s125mdg43_07/remote/stage2dataset/gallery/gallery_patch_000883.jpg,2100.0,1950.0,2059.95,2078.54
/usr1/home/s125mdg43_07/remote/rebuild_UAV/test/query_drone/drone_13_150.jpg,/usr1/home/s125mdg43_07/remote/stage2dataset/gallery/gallery_patch_000884.jpg,2100.0,2100.0,2059.95,2157.3
/usr1/home/s125mdg43_07/remote/rebuild_UAV/test/query_drone/drone_13_151.jpg,/usr1/home/s125mdg43_07/remote/stage2dataset/gallery/gallery_patch_000885.jpg,2100.0,2250.0,2057.74,2236.06
/usr1/home/s125mdg43_07/remote/rebuild_UAV/test/query_drone/drone_13_152.jpg,/usr1/home/s125mdg43_07/remote/stage2dataset/gallery/gallery_patch_000885.jpg,2100.0,2250.0,2056.64,2314.82
/usr1/home/s125mdg43_07/remote/rebuild_UAV/test/query_drone/drone_13_153.jpg,/usr1/home/s125mdg43_07/remote/stage2dataset/gallery/gallery_patch_000886.jpg,2100.0,2400.0,2057.74,2394.22
/usr1/home/s125mdg43_07/remote/rebuild_UAV/test/query_drone/drone_13_154.jpg,/usr1/home/s125mdg43_07/remote/stage2dataset/gallery/gallery_patch_000886.jpg,2100.0,2400.0,2058.85,2473.62
/usr1/home/s125mdg43_07/remote/rebuild_UAV/test/query_drone/drone_13_155.jpg,/usr1/home/s125mdg43_07/remote/stage2dataset/gallery/gallery_patch_000887.jpg,2100.0,2550.0,2058.85,2552.38
/usr1/home/s125mdg43_07/remote/rebuild_UAV/test/query_drone/drone_13_156.jpg,/usr1/home/s125mdg43_07/remote/stage2dataset/gallery/gallery_patch_000887.jpg,2100.0,2550.0,2058.85,2631.77
/usr1/home/s125mdg43_07/remote/rebuild_UAV/test/query_drone/drone_13_157.jpg,/usr1/home/s125mdg43_07/remote/stage2dataset/gallery/gallery_patch_000888.jpg,2100.0,2700.0,2058.85,2710.54
/usr1/home/s125mdg43_07/remote/rebuild_UAV/test/query_drone/drone_13_158.jpg,/usr1/home/s125mdg43_07/remote/stage2dataset/gallery/gallery_patch_000889.jpg,2100.0,2850.0,2058.85,2789.3
/usr1/home/s125mdg43_07/remote/rebuild_UAV/test/query_drone/drone_13_159.jpg,/usr1/home/s125mdg43_07/remote/stage2dataset/gallery/gallery_patch_000889.jpg,2100.0,2850.0,2058.85,2868.06
/usr1/home/s125mdg43_07/remote/rebuild_UAV/test/query_drone/drone_13_160.jpg,/usr1/home/s125mdg43_07/remote/stage2dataset/gallery/gallery_patch_000956.jpg,2250.0,2850.0,2058.85,2947.46
/usr1/home/s125mdg43_07/remote/rebuild_UAV/test/query_drone/drone_13_161.jpg,/usr1/home/s125mdg43_07/remote/stage2dataset/gallery/gallery_patch_000889.jpg,2100.0,2850.0,2058.85,3026.22
/usr1/home/s125mdg43_07/remote/rebuild_UAV/test/query_drone/drone_13_162.jpg,/usr1/home/s125mdg43_07/remote/stage2dataset/gallery/gallery_patch_000756.jpg,1800.0,3000.0,2059.95,3105.62
/usr1/home/s125mdg43_07/remote/rebuild_UAV/test/query_drone/drone_13_163.jpg,/usr1/home/s125mdg43_07/remote/stage2dataset/gallery/gallery_patch_000758.jpg,1800.0,3300.0,2058.85,3184.38
/usr1/home/s125mdg43_07/remote/rebuild_UAV/test/query_drone/drone_13_164.jpg,/usr1/home/s125mdg43_07/remote/stage2dataset/gallery/gallery_patch_000690.jpg,1650.0,3150.0,2059.95,3263.77
/usr1/home/s125mdg43_07/remote/rebuild_UAV/test/query_drone/drone_13_165.jpg,/usr1/home/s125mdg43_07/remote/stage2dataset/gallery/gallery_patch_000758.jpg,1800.0,3300.0,2059.95,3342.54
/usr1/home/s125mdg43_07/remote/rebuild_UAV/test/query_drone/drone_13_166.jpg,/usr1/home/s125mdg43_07/remote/stage2dataset/gallery/gallery_patch_000892.jpg,2100.0,3300.0,2058.85,3421.3
/usr1/home/s125mdg43_07/remote/rebuild_UAV/test/query_drone/drone_13_167.jpg,/usr1/home/s125mdg43_07/remote/stage2dataset/gallery/gallery_patch_000691.jpg,1650.0,3300.0,2058.85,3500.69
/usr1/home/s125mdg43_07/remote/rebuild_UAV/test/query_drone/drone_13_168.jpg,/usr1/home/s125mdg43_07/remote/stage2dataset/gallery/gallery_patch_000424.jpg,1050.0,3450.0,2059.95,3579.46
/usr1/home/s125mdg43_07/remote/rebuild_UAV/test/query_drone/drone_13_169.jpg,/usr1/home/s125mdg43_07/remote/stage2dataset/gallery/gallery_patch_000424.jpg,1050.0,3450.0,2058.85,3658.22
/usr1/home/s125mdg43_07/remote/rebuild_UAV/test/query_drone/drone_13_170.jpg,/usr1/home/s125mdg43_07/remote/stage2dataset/gallery/gallery_patch_000357.jpg,900.0,3450.0,2058.85,3737.61
/usr1/home/s125mdg43_07/remote/rebuild_UAV/test/query_drone/drone_13_171.jpg,/usr1/home/s125mdg43_07/remote/stage2dataset/gallery/gallery_patch_000894.jpg,2100.0,3600.0,2058.85,3816.38
/usr1/home/s125mdg43_07/remote/rebuild_UAV/test/query_drone/drone_13_172.jpg,/usr1/home/s125mdg43_07/remote/stage2dataset/gallery/gallery_patch_000020.jpg,150.0,3150.0,2059.95,3895.14
/usr1/home/s125mdg43_07/remote/rebuild_UAV/test/query_drone/drone_13_173.jpg,/usr1/home/s125mdg43_07/remote/stage2dataset/gallery/gallery_patch_000491.jpg,1200.0,3450.0,2058.85,3974.53
/usr1/home/s125mdg43_07/remote/rebuild_UAV/test/query_drone/drone_13_174.jpg,/usr1/home/s125mdg43_07/remote/stage2dataset/gallery/gallery_patch_000491.jpg,1200.0,3450.0,2061.06,4053.3
/usr1/home/s125mdg43_07/remote/rebuild_UAV/test/query_drone/drone_13_175.jpg,/usr1/home/s125mdg43_07/remote/stage2dataset/gallery/gallery_patch_000424.jpg,1050.0,3450.0,2061.06,4132.69
/usr1/home/s125mdg43_07/remote/rebuild_UAV/test/query_drone/drone_13_176.jpg,/usr1/home/s125mdg43_07/remote/stage2dataset/gallery/gallery_patch_000424.jpg,1050.0,3450.0,2059.95,4212.09
/usr1/home/s125mdg43_07/remote/rebuild_UAV/test/query_drone/drone_13_177.jpg,/usr1/home/s125mdg43_07/remote/stage2dataset/gallery/gallery_patch_000491.jpg,1200.0,3450.0,2061.06,4290.85
/usr1/home/s125mdg43_07/remote/rebuild_UAV/test/query_drone/drone_13_178.jpg,/usr1/home/s125mdg43_07/remote/stage2dataset/gallery/gallery_patch_000560.jpg,1350.0,3750.0,2061.06,4369.61
/usr1/home/s125mdg43_07/remote/rebuild_UAV/test/query_drone/drone_13_179.jpg,/usr1/home/s125mdg43_07/remote/stage2dataset/gallery/gallery_patch_000560.jpg,1350.0,3750.0,2061.06,4448.38
/usr1/home/s125mdg43_07/remote/rebuild_UAV/test/query_drone/drone_13_180.jpg,/usr1/home/s125mdg43_07/remote/stage2dataset/gallery/gallery_patch_000560.jpg,1350.0,3750.0,2059.95,4527.77
/usr1/home/s125mdg43_07/remote/rebuild_UAV/test/query_drone/drone_13_181.jpg,/usr1/home/s125mdg43_07/remote/stage2dataset/gallery/gallery_patch_000493.jpg,1200.0,3750.0,2061.06,4606.53
/usr1/home/s125mdg43_07/remote/rebuild_UAV/test/query_drone/drone_13_182.jpg,/usr1/home/s125mdg43_07/remote/stage2dataset/gallery/gallery_patch_000093.jpg,300.0,4050.0,2059.95,4685.3
/usr1/home/s125mdg43_07/remote/rebuild_UAV/test/query_drone/drone_13_183.jpg,/usr1/home/s125mdg43_07/remote/stage2dataset/gallery/gallery_patch_000424.jpg,1050.0,3450.0,2058.85,4764.69
/usr1/home/s125mdg43_07/remote/rebuild_UAV/test/query_drone/drone_13_184.jpg,/usr1/home/s125mdg43_07/remote/stage2dataset/gallery/gallery_patch_000426.jpg,1050.0,3750.0,2058.85,4843.45
/usr1/home/s125mdg43_07/remote/rebuild_UAV/test/query_drone/drone_13_185.jpg,/usr1/home/s125mdg43_07/remote/stage2dataset/gallery/gallery_patch_000694.jpg,1650.0,3750.0,2061.06,4922.22
/usr1/home/s125mdg43_07/remote/rebuild_UAV/test/query_drone/drone_13_186.jpg,/usr1/home/s125mdg43_07/remote/stage2dataset/gallery/gallery_patch_000426.jpg,1050.0,3750.0,2061.06,5001.61
/usr1/home/s125mdg43_07/remote/rebuild_UAV/test/query_drone/drone_13_187.jpg,/usr1/home/s125mdg43_07/remote/stage2dataset/gallery/gallery_patch_000494.jpg,1200.0,3900.0,2061.06,5081.01
/usr1/home/s125mdg43_07/remote/rebuild_UAV/test/query_drone/drone_13_188.jpg,/usr1/home/s125mdg43_07/remote/stage2dataset/gallery/gallery_patch_000560.jpg,1350.0,3750.0,2061.06,5159.77
/usr1/home/s125mdg43_07/remote/rebuild_UAV/test/query_drone/drone_13_189.jpg,/usr1/home/s125mdg43_07/remote/stage2dataset/gallery/gallery_patch_000558.jpg,1350.0,3450.0,2061.06,5238.53
/usr1/home/s125mdg43_07/remote/rebuild_UAV/test/query_drone/drone_13_190.jpg,/usr1/home/s125mdg43_07/remote/stage2dataset/gallery/gallery_patch_000027.jpg,150.0,4200.0,2059.95,5317.93
/usr1/home/s125mdg43_07/remote/rebuild_UAV/test/query_drone/drone_13_191.jpg,/usr1/home/s125mdg43_07/remote/stage2dataset/gallery/gallery_patch_000558.jpg,1350.0,3450.0,2059.95,5396.69
/usr1/home/s125mdg43_07/remote/rebuild_UAV/test/query_drone/drone_13_192.jpg,/usr1/home/s125mdg43_07/remote/stage2dataset/gallery/gallery_patch_000031.jpg,150.0,4800.0,2061.06,5475.45
/usr1/home/s125mdg43_07/remote/rebuild_UAV/test/query_drone/drone_13_193.jpg,/usr1/home/s125mdg43_07/remote/stage2dataset/gallery/gallery_patch_000495.jpg,1200.0,4050.0,2059.95,5554.85
/usr1/home/s125mdg43_07/remote/rebuild_UAV/test/query_drone/drone_13_194.jpg,/usr1/home/s125mdg43_07/remote/stage2dataset/gallery/gallery_patch_000027.jpg,150.0,4200.0,2058.85,5633.61
/usr1/home/s125mdg43_07/remote/rebuild_UAV/test/query_drone/drone_13_195.jpg,/usr1/home/s125mdg43_07/remote/stage2dataset/gallery/gallery_patch_000233.jpg,600.0,4950.0,2061.06,5712.38
/usr1/home/s125mdg43_07/remote/rebuild_UAV/test/query_drone/drone_13_196.jpg,/usr1/home/s125mdg43_07/remote/stage2dataset/gallery/gallery_patch_000433.jpg,1050.0,4800.0,2061.06,5791.77
/usr1/home/s125mdg43_07/remote/rebuild_UAV/test/query_drone/drone_13_197.jpg,/usr1/home/s125mdg43_07/remote/stage2dataset/gallery/gallery_patch_000166.jpg,450.0,4950.0,2058.85,5870.53
/usr1/home/s125mdg43_07/remote/rebuild_UAV/test/query_drone/drone_13_198.jpg,/usr1/home/s125mdg43_07/remote/stage2dataset/gallery/gallery_patch_000301.jpg,750.0,5100.0,2059.95,5949.3
/usr1/home/s125mdg43_07/remote/rebuild_UAV/test/query_drone/drone_13_199.jpg,/usr1/home/s125mdg43_07/remote/stage2dataset/gallery/gallery_patch_000029.jpg,150.0,4500.0,2061.06,6028.69
/usr1/home/s125mdg43_07/remote/rebuild_UAV/test/query_drone/drone_13_200.jpg,/usr1/home/s125mdg43_07/remote/stage2dataset/gallery/gallery_patch_000302.jpg,750.0,5250.0,2064.39,6108.09
/usr1/home/s125mdg43_07/remote/rebuild_UAV/test/query_drone/drone_13_201.jpg,/usr1/home/s125mdg43_07/remote/stage2dataset/gallery/gallery_patch_000843.jpg,1950.0,6000.0,2063.28,6186.85
/usr1/home/s125mdg43_07/remote/rebuild_UAV/test/query_drone/drone_13_202.jpg,/usr1/home/s125mdg43_07/remote/stage2dataset/gallery/gallery_patch_000845.jpg,1950.0,6300.0,2061.06,6265.61
/usr1/home/s125mdg43_07/remote/rebuild_UAV/test/query_drone/drone_13_203.jpg,/usr1/home/s125mdg43_07/remote/stage2dataset/gallery/gallery_patch_000912.jpg,2100.0,6300.0,2061.06,6344.37
/usr1/home/s125mdg43_07/remote/rebuild_UAV/test/query_drone/drone_13_204.jpg,/usr1/home/s125mdg43_07/remote/stage2dataset/gallery/gallery_patch_000913.jpg,2100.0,6450.0,2061.06,6423.77
/usr1/home/s125mdg43_07/remote/rebuild_UAV/test/query_drone/drone_13_205.jpg,/usr1/home/s125mdg43_07/remote/stage2dataset/gallery/gallery_patch_000848.jpg,1950.0,6750.0,2063.28,6502.53
/usr1/home/s125mdg43_07/remote/rebuild_UAV/test/query_drone/drone_13_206.jpg,/usr1/home/s125mdg43_07/remote/stage2dataset/gallery/gallery_patch_000847.jpg,1950.0,6600.0,2061.06,6581.29
/usr1/home/s125mdg43_07/remote/rebuild_UAV/test/query_drone/drone_13_207.jpg,/usr1/home/s125mdg43_07/remote/stage2dataset/gallery/gallery_patch_000847.jpg,1950.0,6600.0,2061.06,6660.69
/usr1/home/s125mdg43_07/remote/rebuild_UAV/test/query_drone/drone_13_208.jpg,/usr1/home/s125mdg43_07/remote/stage2dataset/gallery/gallery_patch_000915.jpg,2100.0,6750.0,2061.06,6739.45
/usr1/home/s125mdg43_07/remote/rebuild_UAV/test/query_drone/drone_13_209.jpg,/usr1/home/s125mdg43_07/remote/stage2dataset/gallery/gallery_patch_000916.jpg,2100.0,6900.0,2061.06,6818.85
/usr1/home/s125mdg43_07/remote/rebuild_UAV/test/query_drone/drone_13_210.jpg,/usr1/home/s125mdg43_07/remote/stage2dataset/gallery/gallery_patch_000850.jpg,1950.0,7050.0,2061.06,6897.61
/usr1/home/s125mdg43_07/remote/rebuild_UAV/test/query_drone/drone_13_211.jpg,/usr1/home/s125mdg43_07/remote/stage2dataset/gallery/gallery_patch_000850.jpg,1950.0,7050.0,2061.06,6977.01
/usr1/home/s125mdg43_07/remote/rebuild_UAV/test/query_drone/drone_13_212.jpg,/usr1/home/s125mdg43_07/remote/stage2dataset/gallery/gallery_patch_000850.jpg,1950.0,7050.0,2063.28,7055.77
/usr1/home/s125mdg43_07/remote/rebuild_UAV/test/query_drone/drone_13_213.jpg,/usr1/home/s125mdg43_07/remote/stage2dataset/gallery/gallery_patch_000850.jpg,1950.0,7050.0,2063.28,7135.17
/usr1/home/s125mdg43_07/remote/rebuild_UAV/test/query_drone/drone_13_214.jpg,/usr1/home/s125mdg43_07/remote/stage2dataset/gallery/gallery_patch_000918.jpg,2100.0,7200.0,2063.28,7213.93
/usr1/home/s125mdg43_07/remote/rebuild_UAV/test/query_drone/drone_13_215.jpg,/usr1/home/s125mdg43_07/remote/stage2dataset/gallery/gallery_patch_000919.jpg,2100.0,7350.0,2061.06,7292.69
/usr1/home/s125mdg43_07/remote/rebuild_UAV/test/query_drone/drone_13_216.jpg,/usr1/home/s125mdg43_07/remote/stage2dataset/gallery/gallery_patch_000919.jpg,2100.0,7350.0,2061.06,7371.45
/usr1/home/s125mdg43_07/remote/rebuild_UAV/test/query_drone/drone_13_217.jpg,/usr1/home/s125mdg43_07/remote/stage2dataset/gallery/gallery_patch_000919.jpg,2100.0,7350.0,2061.06,7450.85
/usr1/home/s125mdg43_07/remote/rebuild_UAV/test/query_drone/drone_13_218.jpg,/usr1/home/s125mdg43_07/remote/stage2dataset/gallery/gallery_patch_000920.jpg,2100.0,7500.0,2064.39,7529.61
/usr1/home/s125mdg43_07/remote/rebuild_UAV/test/query_drone/drone_13_219.jpg,/usr1/home/s125mdg43_07/remote/stage2dataset/gallery/gallery_patch_000920.jpg,2100.0,7500.0,2063.28,7609.01
/usr1/home/s125mdg43_07/remote/rebuild_UAV/test/query_drone/drone_13_220.jpg,/usr1/home/s125mdg43_07/remote/stage2dataset/gallery/gallery_patch_000921.jpg,2100.0,7650.0,2063.28,7687.77
/usr1/home/s125mdg43_07/remote/rebuild_UAV/test/query_drone/drone_13_221.jpg,/usr1/home/s125mdg43_07/remote/stage2dataset/gallery/gallery_patch_000922.jpg,2100.0,7800.0,2063.28,7766.53
/usr1/home/s125mdg43_07/remote/rebuild_UAV/test/query_drone/drone_13_222.jpg,/usr1/home/s125mdg43_07/remote/stage2dataset/gallery/gallery_patch_000922.jpg,2100.0,7800.0,2063.28,7845.93
/usr1/home/s125mdg43_07/remote/rebuild_UAV/test/query_drone/drone_13_223.jpg,/usr1/home/s125mdg43_07/remote/stage2dataset/gallery/gallery_patch_000922.jpg,2100.0,7800.0,2063.28,7924.69
/usr1/home/s125mdg43_07/remote/rebuild_UAV/test/query_drone/drone_13_224.jpg,/usr1/home/s125mdg43_07/remote/stage2dataset/gallery/gallery_patch_000923.jpg,2100.0,7950.0,2064.39,8004.09
/usr1/home/s125mdg43_07/remote/rebuild_UAV/test/query_drone/drone_13_225.jpg,/usr1/home/s125mdg43_07/remote/stage2dataset/gallery/gallery_patch_000924.jpg,2100.0,8100.0,2064.39,8082.85
/usr1/home/s125mdg43_07/remote/rebuild_UAV/test/query_drone/drone_13_226.jpg,/usr1/home/s125mdg43_07/remote/stage2dataset/gallery/gallery_patch_000857.jpg,1950.0,8100.0,2063.28,8161.61
/usr1/home/s125mdg43_07/remote/rebuild_UAV/test/query_drone/drone_13_227.jpg,/usr1/home/s125mdg43_07/remote/stage2dataset/gallery/gallery_patch_000118.jpg,300.0,7800.0,2061.06,8241.01
/usr1/home/s125mdg43_07/remote/rebuild_UAV/test/query_drone/drone_13_228.jpg,/usr1/home/s125mdg43_07/remote/stage2dataset/gallery/gallery_patch_000925.jpg,2100.0,8250.0,2061.06,8319.77
/usr1/home/s125mdg43_07/remote/rebuild_UAV/test/query_drone/drone_13_229.jpg,/usr1/home/s125mdg43_07/remote/stage2dataset/gallery/gallery_patch_000925.jpg,2100.0,8250.0,2064.39,8398.53
/usr1/home/s125mdg43_07/remote/rebuild_UAV/test/query_drone/drone_13_230.jpg,/usr1/home/s125mdg43_07/remote/stage2dataset/gallery/gallery_patch_000925.jpg,2100.0,8250.0,2063.28,8477.93
/usr1/home/s125mdg43_07/remote/rebuild_UAV/test/query_drone/drone_13_231.jpg,/usr1/home/s125mdg43_07/remote/stage2dataset/gallery/gallery_patch_000859.jpg,1950.0,8400.0,2064.39,8556.69
/usr1/home/s125mdg43_07/remote/rebuild_UAV/test/query_drone/drone_13_232.jpg,/usr1/home/s125mdg43_07/remote/stage2dataset/gallery/gallery_patch_000860.jpg,1950.0,8550.0,2064.39,8635.45
/usr1/home/s125mdg43_07/remote/rebuild_UAV/test/query_drone/drone_13_233.jpg,/usr1/home/s125mdg43_07/remote/stage2dataset/gallery/gallery_patch_000793.jpg,1800.0,8550.0,2063.28,8714.85
/usr1/home/s125mdg43_07/remote/rebuild_UAV/test/query_drone/drone_13_234.jpg,/usr1/home/s125mdg43_07/remote/stage2dataset/gallery/gallery_patch_000121.jpg,300.0,8250.0,2063.28,8794.25
/usr1/home/s125mdg43_07/remote/rebuild_UAV/test/query_drone/drone_13_235.jpg,/usr1/home/s125mdg43_07/remote/stage2dataset/gallery/gallery_patch_000928.jpg,2100.0,8700.0,2064.39,8873.01
/usr1/home/s125mdg43_07/remote/rebuild_UAV/test/query_drone/drone_13_236.jpg,/usr1/home/s125mdg43_07/remote/stage2dataset/gallery/gallery_patch_000862.jpg,1950.0,8850.0,2064.39,8952.4
/usr1/home/s125mdg43_07/remote/rebuild_UAV/test/query_drone/drone_13_237.jpg,/usr1/home/s125mdg43_07/remote/stage2dataset/gallery/gallery_patch_000931.jpg,2100.0,9150.0,2064.39,9031.17
/usr1/home/s125mdg43_07/remote/rebuild_UAV/test/query_drone/drone_13_238.jpg,/usr1/home/s125mdg43_07/remote/stage2dataset/gallery/gallery_patch_000329.jpg,750.0,9300.0,2063.28,9109.93
/usr1/home/s125mdg43_07/remote/rebuild_UAV/test/query_drone/drone_13_239.jpg,/usr1/home/s125mdg43_07/remote/stage2dataset/gallery/gallery_patch_000932.jpg,2100.0,9300.0,2063.28,9188.69
/usr1/home/s125mdg43_07/remote/rebuild_UAV/test/query_drone/drone_13_240.jpg,/usr1/home/s125mdg43_07/remote/stage2dataset/gallery/gallery_patch_000932.jpg,2100.0,9300.0,2064.39,9268.09
/usr1/home/s125mdg43_07/remote/rebuild_UAV/test/query_drone/drone_13_241.jpg,/usr1/home/s125mdg43_07/remote/stage2dataset/gallery/gallery_patch_000932.jpg,2100.0,9300.0,2064.39,9346.85
/usr1/home/s125mdg43_07/remote/rebuild_UAV/test/query_drone/drone_13_242.jpg,/usr1/home/s125mdg43_07/remote/stage2dataset/gallery/gallery_patch_000933.jpg,2100.0,9450.0,2064.39,9425.61
/usr1/home/s125mdg43_07/remote/rebuild_UAV/test/query_drone/drone_13_243.jpg,/usr1/home/s125mdg43_07/remote/stage2dataset/gallery/gallery_patch_000596.jpg,1350.0,9150.0,2064.39,9505.01
/usr1/home/s125mdg43_07/remote/rebuild_UAV/test/query_drone/drone_13_244.jpg,/usr1/home/s125mdg43_07/remote/stage2dataset/gallery/gallery_patch_000934.jpg,2100.0,9600.0,2063.28,9584.4
/usr1/home/s125mdg43_07/remote/rebuild_UAV/test/query_drone/drone_13_245.jpg,/usr1/home/s125mdg43_07/remote/stage2dataset/gallery/gallery_patch_000935.jpg,2100.0,9750.0,2063.28,9662.53
/usr1/home/s125mdg43_07/remote/rebuild_UAV/test/query_drone/drone_13_246.jpg,/usr1/home/s125mdg43_07/remote/stage2dataset/gallery/gallery_patch_000594.jpg,1350.0,8850.0,2265.9,9650.16
/usr1/home/s125mdg43_07/remote/rebuild_UAV/test/query_drone/drone_13_247.jpg,/usr1/home/s125mdg43_07/remote/stage2dataset/gallery/gallery_patch_000732.jpg,1650.0,9450.0,2263.69,9571.4
/usr1/home/s125mdg43_07/remote/rebuild_UAV/test/query_drone/drone_13_248.jpg,/usr1/home/s125mdg43_07/remote/stage2dataset/gallery/gallery_patch_000663.jpg,1500.0,9150.0,2263.69,9492.0
/usr1/home/s125mdg43_07/remote/rebuild_UAV/test/query_drone/drone_13_249.jpg,/usr1/home/s125mdg43_07/remote/stage2dataset/gallery/gallery_patch_001000.jpg,2250.0,9450.0,2264.8,9412.6
/usr1/home/s125mdg43_07/remote/rebuild_UAV/test/query_drone/drone_13_250.jpg,/usr1/home/s125mdg43_07/remote/stage2dataset/gallery/gallery_patch_001000.jpg,2250.0,9450.0,2262.59,9333.84
/usr1/home/s125mdg43_07/remote/rebuild_UAV/test/query_drone/drone_13_251.jpg,/usr1/home/s125mdg43_07/remote/stage2dataset/gallery/gallery_patch_000932.jpg,2100.0,9300.0,2263.69,9255.08
/usr1/home/s125mdg43_07/remote/rebuild_UAV/test/query_drone/drone_13_252.jpg,/usr1/home/s125mdg43_07/remote/stage2dataset/gallery/gallery_patch_000930.jpg,2100.0,9000.0,2263.69,9175.68
/usr1/home/s125mdg43_07/remote/rebuild_UAV/test/query_drone/drone_13_253.jpg,/usr1/home/s125mdg43_07/remote/stage2dataset/gallery/gallery_patch_000997.jpg,2250.0,9000.0,2263.69,9096.92
/usr1/home/s125mdg43_07/remote/rebuild_UAV/test/query_drone/drone_13_254.jpg,/usr1/home/s125mdg43_07/remote/stage2dataset/gallery/gallery_patch_000997.jpg,2250.0,9000.0,2263.69,9018.16
/usr1/home/s125mdg43_07/remote/rebuild_UAV/test/query_drone/drone_13_255.jpg,/usr1/home/s125mdg43_07/remote/stage2dataset/gallery/gallery_patch_000997.jpg,2250.0,9000.0,2262.59,8938.76
/usr1/home/s125mdg43_07/remote/rebuild_UAV/test/query_drone/drone_13_256.jpg,/usr1/home/s125mdg43_07/remote/stage2dataset/gallery/gallery_patch_000997.jpg,2250.0,9000.0,2264.8,8860.0
/usr1/home/s125mdg43_07/remote/rebuild_UAV/test/query_drone/drone_13_257.jpg,/usr1/home/s125mdg43_07/remote/stage2dataset/gallery/gallery_patch_001062.jpg,2400.0,8700.0,2260.37,8781.24
/usr1/home/s125mdg43_07/remote/rebuild_UAV/test/query_drone/drone_13_258.jpg,/usr1/home/s125mdg43_07/remote/stage2dataset/gallery/gallery_patch_000927.jpg,2100.0,8550.0,2263.69,8701.84
/usr1/home/s125mdg43_07/remote/rebuild_UAV/test/query_drone/drone_13_259.jpg,/usr1/home/s125mdg43_07/remote/stage2dataset/gallery/gallery_patch_000995.jpg,2250.0,8700.0,2264.8,8623.08
/usr1/home/s125mdg43_07/remote/rebuild_UAV/test/query_drone/drone_13_260.jpg,/usr1/home/s125mdg43_07/remote/stage2dataset/gallery/gallery_patch_000994.jpg,2250.0,8550.0,2262.59,8543.68
/usr1/home/s125mdg43_07/remote/rebuild_UAV/test/query_drone/drone_13_261.jpg,/usr1/home/s125mdg43_07/remote/stage2dataset/gallery/gallery_patch_000994.jpg,2250.0,8550.0,2262.59,8464.92
/usr1/home/s125mdg43_07/remote/rebuild_UAV/test/query_drone/drone_13_262.jpg,/usr1/home/s125mdg43_07/remote/stage2dataset/gallery/gallery_patch_000993.jpg,2250.0,8400.0,2263.69,8385.52
/usr1/home/s125mdg43_07/remote/rebuild_UAV/test/query_drone/drone_13_263.jpg,/usr1/home/s125mdg43_07/remote/stage2dataset/gallery/gallery_patch_000993.jpg,2250.0,8400.0,2262.59,8306.76
/usr1/home/s125mdg43_07/remote/rebuild_UAV/test/query_drone/drone_13_264.jpg,/usr1/home/s125mdg43_07/remote/stage2dataset/gallery/gallery_patch_000992.jpg,2250.0,8250.0,2260.37,8228.0
/usr1/home/s125mdg43_07/remote/rebuild_UAV/test/query_drone/drone_13_265.jpg,/usr1/home/s125mdg43_07/remote/stage2dataset/gallery/gallery_patch_000991.jpg,2250.0,8100.0,2262.59,8148.6
/usr1/home/s125mdg43_07/remote/rebuild_UAV/test/query_drone/drone_13_266.jpg,/usr1/home/s125mdg43_07/remote/stage2dataset/gallery/gallery_patch_000991.jpg,2250.0,8100.0,2263.69,8069.84
/usr1/home/s125mdg43_07/remote/rebuild_UAV/test/query_drone/drone_13_267.jpg,/usr1/home/s125mdg43_07/remote/stage2dataset/gallery/gallery_patch_000990.jpg,2250.0,7950.0,2262.59,7991.08
/usr1/home/s125mdg43_07/remote/rebuild_UAV/test/query_drone/drone_13_268.jpg,/usr1/home/s125mdg43_07/remote/stage2dataset/gallery/gallery_patch_000990.jpg,2250.0,7950.0,2260.37,7911.68
/usr1/home/s125mdg43_07/remote/rebuild_UAV/test/query_drone/drone_13_269.jpg,/usr1/home/s125mdg43_07/remote/stage2dataset/gallery/gallery_patch_000990.jpg,2250.0,7950.0,2262.59,7832.92
/usr1/home/s125mdg43_07/remote/rebuild_UAV/test/query_drone/drone_13_270.jpg,/usr1/home/s125mdg43_07/remote/stage2dataset/gallery/gallery_patch_000989.jpg,2250.0,7800.0,2263.69,7754.16
/usr1/home/s125mdg43_07/remote/rebuild_UAV/test/query_drone/drone_13_271.jpg,/usr1/home/s125mdg43_07/remote/stage2dataset/gallery/gallery_patch_000988.jpg,2250.0,7650.0,2260.37,7674.76
/usr1/home/s125mdg43_07/remote/rebuild_UAV/test/query_drone/drone_13_272.jpg,/usr1/home/s125mdg43_07/remote/stage2dataset/gallery/gallery_patch_001055.jpg,2400.0,7650.0,2262.59,7596.0
/usr1/home/s125mdg43_07/remote/rebuild_UAV/test/query_drone/drone_13_273.jpg,/usr1/home/s125mdg43_07/remote/stage2dataset/gallery/gallery_patch_000987.jpg,2250.0,7500.0,2263.69,7516.6
/usr1/home/s125mdg43_07/remote/rebuild_UAV/test/query_drone/drone_13_274.jpg,/usr1/home/s125mdg43_07/remote/stage2dataset/gallery/gallery_patch_000715.jpg,1650.0,6900.0,2262.59,7437.84
/usr1/home/s125mdg43_07/remote/rebuild_UAV/test/query_drone/drone_13_275.jpg,/usr1/home/s125mdg43_07/remote/stage2dataset/gallery/gallery_patch_000986.jpg,2250.0,7350.0,2260.37,7358.45
/usr1/home/s125mdg43_07/remote/rebuild_UAV/test/query_drone/drone_13_276.jpg,/usr1/home/s125mdg43_07/remote/stage2dataset/gallery/gallery_patch_000986.jpg,2250.0,7350.0,2260.37,7279.68
/usr1/home/s125mdg43_07/remote/rebuild_UAV/test/query_drone/drone_13_277.jpg,/usr1/home/s125mdg43_07/remote/stage2dataset/gallery/gallery_patch_001052.jpg,2400.0,7200.0,2262.59,7200.92
/usr1/home/s125mdg43_07/remote/rebuild_UAV/test/query_drone/drone_13_278.jpg,/usr1/home/s125mdg43_07/remote/stage2dataset/gallery/gallery_patch_000849.jpg,1950.0,6900.0,2260.37,7122.16
/usr1/home/s125mdg43_07/remote/rebuild_UAV/test/query_drone/drone_13_279.jpg,/usr1/home/s125mdg43_07/remote/stage2dataset/gallery/gallery_patch_000712.jpg,1650.0,6450.0,2260.37,7042.76
/usr1/home/s125mdg43_07/remote/rebuild_UAV/test/query_drone/drone_13_280.jpg,/usr1/home/s125mdg43_07/remote/stage2dataset/gallery/gallery_patch_000983.jpg,2250.0,6900.0,2263.69,6964.0
/usr1/home/s125mdg43_07/remote/rebuild_UAV/test/query_drone/drone_13_281.jpg,/usr1/home/s125mdg43_07/remote/stage2dataset/gallery/gallery_patch_000983.jpg,2250.0,6900.0,2260.37,6885.24
/usr1/home/s125mdg43_07/remote/rebuild_UAV/test/query_drone/drone_13_282.jpg,/usr1/home/s125mdg43_07/remote/stage2dataset/gallery/gallery_patch_000305.jpg,750.0,5700.0,2259.26,6805.84
/usr1/home/s125mdg43_07/remote/rebuild_UAV/test/query_drone/drone_13_283.jpg,/usr1/home/s125mdg43_07/remote/stage2dataset/gallery/gallery_patch_000169.jpg,450.0,5400.0,2260.37,6726.45
/usr1/home/s125mdg43_07/remote/rebuild_UAV/test/query_drone/drone_13_284.jpg,/usr1/home/s125mdg43_07/remote/stage2dataset/gallery/gallery_patch_001228.jpg,2826.91,3450.0,2260.37,6647.68
/usr1/home/s125mdg43_07/remote/rebuild_UAV/test/query_drone/drone_13_285.jpg,/usr1/home/s125mdg43_07/remote/stage2dataset/gallery/gallery_patch_000421.jpg,1050.0,3000.0,2262.59,6568.92
/usr1/home/s125mdg43_07/remote/rebuild_UAV/test/query_drone/drone_13_286.jpg,/usr1/home/s125mdg43_07/remote/stage2dataset/gallery/gallery_patch_000420.jpg,1050.0,2850.0,2262.59,6489.53
/usr1/home/s125mdg43_07/remote/rebuild_UAV/test/query_drone/drone_13_287.jpg,/usr1/home/s125mdg43_07/remote/stage2dataset/gallery/gallery_patch_000026.jpg,150.0,4050.0,2259.26,6410.76
/usr1/home/s125mdg43_07/remote/rebuild_UAV/test/query_drone/drone_13_288.jpg,/usr1/home/s125mdg43_07/remote/stage2dataset/gallery/gallery_patch_000026.jpg,150.0,4050.0,2260.37,6332.0
/usr1/home/s125mdg43_07/remote/rebuild_UAV/test/query_drone/drone_13_289.jpg,/usr1/home/s125mdg43_07/remote/stage2dataset/gallery/gallery_patch_000026.jpg,150.0,4050.0,2262.59,6252.61
/usr1/home/s125mdg43_07/remote/rebuild_UAV/test/query_drone/drone_13_290.jpg,/usr1/home/s125mdg43_07/remote/stage2dataset/gallery/gallery_patch_000363.jpg,900.0,4350.0,2259.26,6173.84
/usr1/home/s125mdg43_07/remote/rebuild_UAV/test/query_drone/drone_13_291.jpg,/usr1/home/s125mdg43_07/remote/stage2dataset/gallery/gallery_patch_000966.jpg,2250.0,4350.0,2260.37,6095.08
/usr1/home/s125mdg43_07/remote/rebuild_UAV/test/query_drone/drone_13_292.jpg,/usr1/home/s125mdg43_07/remote/stage2dataset/gallery/gallery_patch_000966.jpg,2250.0,4350.0,2259.26,6015.68
/usr1/home/s125mdg43_07/remote/rebuild_UAV/test/query_drone/drone_13_293.jpg,/usr1/home/s125mdg43_07/remote/stage2dataset/gallery/gallery_patch_000966.jpg,2250.0,4350.0,2260.37,5936.92
/usr1/home/s125mdg43_07/remote/rebuild_UAV/test/query_drone/drone_13_294.jpg,/usr1/home/s125mdg43_07/remote/stage2dataset/gallery/gallery_patch_001237.jpg,2826.91,4800.0,2260.37,5857.53
/usr1/home/s125mdg43_07/remote/rebuild_UAV/test/query_drone/drone_13_295.jpg,/usr1/home/s125mdg43_07/remote/stage2dataset/gallery/gallery_patch_000092.jpg,300.0,3900.0,2260.37,5778.76
/usr1/home/s125mdg43_07/remote/rebuild_UAV/test/query_drone/drone_13_296.jpg,/usr1/home/s125mdg43_07/remote/stage2dataset/gallery/gallery_patch_000092.jpg,300.0,3900.0,2260.37,5699.37
/usr1/home/s125mdg43_07/remote/rebuild_UAV/test/query_drone/drone_13_297.jpg,/usr1/home/s125mdg43_07/remote/stage2dataset/gallery/gallery_patch_000092.jpg,300.0,3900.0,2260.37,5620.61
/usr1/home/s125mdg43_07/remote/rebuild_UAV/test/query_drone/drone_13_298.jpg,/usr1/home/s125mdg43_07/remote/stage2dataset/gallery/gallery_patch_000563.jpg,1350.0,4200.0,2259.26,5541.84
/usr1/home/s125mdg43_07/remote/rebuild_UAV/test/query_drone/drone_13_299.jpg,/usr1/home/s125mdg43_07/remote/stage2dataset/gallery/gallery_patch_000563.jpg,1350.0,4200.0,2262.59,5462.45
/usr1/home/s125mdg43_07/remote/rebuild_UAV/test/query_drone/drone_13_300.jpg,/usr1/home/s125mdg43_07/remote/stage2dataset/gallery/gallery_patch_001167.jpg,2700.0,4350.0,2258.15,5383.68
/usr1/home/s125mdg43_07/remote/rebuild_UAV/test/query_drone/drone_13_301.jpg,/usr1/home/s125mdg43_07/remote/stage2dataset/gallery/gallery_patch_001167.jpg,2700.0,4350.0,2258.15,5304.92
/usr1/home/s125mdg43_07/remote/rebuild_UAV/test/query_drone/drone_13_302.jpg,/usr1/home/s125mdg43_07/remote/stage2dataset/gallery/gallery_patch_001167.jpg,2700.0,4350.0,2260.37,5225.53
/usr1/home/s125mdg43_07/remote/rebuild_UAV/test/query_drone/drone_13_303.jpg,/usr1/home/s125mdg43_07/remote/stage2dataset/gallery/gallery_patch_000096.jpg,300.0,4500.0,2259.26,5146.76
/usr1/home/s125mdg43_07/remote/rebuild_UAV/test/query_drone/drone_13_304.jpg,/usr1/home/s125mdg43_07/remote/stage2dataset/gallery/gallery_patch_000031.jpg,150.0,4800.0,2260.37,5068.0
/usr1/home/s125mdg43_07/remote/rebuild_UAV/test/query_drone/drone_13_305.jpg,/usr1/home/s125mdg43_07/remote/stage2dataset/gallery/gallery_patch_000031.jpg,150.0,4800.0,2259.26,4988.61
/usr1/home/s125mdg43_07/remote/rebuild_UAV/test/query_drone/drone_13_306.jpg,/usr1/home/s125mdg43_07/remote/stage2dataset/gallery/gallery_patch_000166.jpg,450.0,4950.0,2258.15,4909.21
/usr1/home/s125mdg43_07/remote/rebuild_UAV/test/query_drone/drone_13_307.jpg,/usr1/home/s125mdg43_07/remote/stage2dataset/gallery/gallery_patch_000099.jpg,300.0,4950.0,2259.26,4830.45
/usr1/home/s125mdg43_07/remote/rebuild_UAV/test/query_drone/drone_13_308.jpg,/usr1/home/s125mdg43_07/remote/stage2dataset/gallery/gallery_patch_000026.jpg,150.0,4050.0,2260.37,4751.69
/usr1/home/s125mdg43_07/remote/rebuild_UAV/test/query_drone/drone_13_309.jpg,/usr1/home/s125mdg43_07/remote/stage2dataset/gallery/gallery_patch_000026.jpg,150.0,4050.0,2259.26,4672.29
/usr1/home/s125mdg43_07/remote/rebuild_UAV/test/query_drone/drone_13_310.jpg,/usr1/home/s125mdg43_07/remote/stage2dataset/gallery/gallery_patch_000301.jpg,750.0,5100.0,2258.15,4593.53
/usr1/home/s125mdg43_07/remote/rebuild_UAV/test/query_drone/drone_13_311.jpg,/usr1/home/s125mdg43_07/remote/stage2dataset/gallery/gallery_patch_000571.jpg,1350.0,5400.0,2258.15,4514.77
/usr1/home/s125mdg43_07/remote/rebuild_UAV/test/query_drone/drone_13_312.jpg,/usr1/home/s125mdg43_07/remote/stage2dataset/gallery/gallery_patch_000222.jpg,600.0,3300.0,2260.37,4435.37
/usr1/home/s125mdg43_07/remote/rebuild_UAV/test/query_drone/drone_13_313.jpg,/usr1/home/s125mdg43_07/remote/stage2dataset/gallery/gallery_patch_000090.jpg,300.0,3600.0,2258.15,4356.61
/usr1/home/s125mdg43_07/remote/rebuild_UAV/test/query_drone/drone_13_314.jpg,/usr1/home/s125mdg43_07/remote/stage2dataset/gallery/gallery_patch_000966.jpg,2250.0,4350.0,2258.15,4277.85
/usr1/home/s125mdg43_07/remote/rebuild_UAV/test/query_drone/drone_13_315.jpg,/usr1/home/s125mdg43_07/remote/stage2dataset/gallery/gallery_patch_000695.jpg,1650.0,3900.0,2259.26,4198.45
/usr1/home/s125mdg43_07/remote/rebuild_UAV/test/query_drone/drone_13_316.jpg,/usr1/home/s125mdg43_07/remote/stage2dataset/gallery/gallery_patch_000695.jpg,1650.0,3900.0,2259.26,4119.05
/usr1/home/s125mdg43_07/remote/rebuild_UAV/test/query_drone/drone_13_317.jpg,/usr1/home/s125mdg43_07/remote/stage2dataset/gallery/gallery_patch_000696.jpg,1650.0,4050.0,2259.26,4040.93
/usr1/home/s125mdg43_07/remote/rebuild_UAV/test/query_drone/drone_13_318.jpg,/usr1/home/s125mdg43_07/remote/stage2dataset/gallery/gallery_patch_000896.jpg,2100.0,3900.0,2259.26,3961.53
/usr1/home/s125mdg43_07/remote/rebuild_UAV/test/query_drone/drone_13_319.jpg,/usr1/home/s125mdg43_07/remote/stage2dataset/gallery/gallery_patch_000896.jpg,2100.0,3900.0,2258.15,3882.13
/usr1/home/s125mdg43_07/remote/rebuild_UAV/test/query_drone/drone_13_320.jpg,/usr1/home/s125mdg43_07/remote/stage2dataset/gallery/gallery_patch_000895.jpg,2100.0,3750.0,2259.26,3803.37
/usr1/home/s125mdg43_07/remote/rebuild_UAV/test/query_drone/drone_13_321.jpg,/usr1/home/s125mdg43_07/remote/stage2dataset/gallery/gallery_patch_000828.jpg,1950.0,3750.0,2257.05,3724.61
/usr1/home/s125mdg43_07/remote/rebuild_UAV/test/query_drone/drone_13_322.jpg,/usr1/home/s125mdg43_07/remote/stage2dataset/gallery/gallery_patch_000962.jpg,2250.0,3750.0,2259.26,3645.21
/usr1/home/s125mdg43_07/remote/rebuild_UAV/test/query_drone/drone_13_323.jpg,/usr1/home/s125mdg43_07/remote/stage2dataset/gallery/gallery_patch_001028.jpg,2400.0,3600.0,2259.26,3566.45
/usr1/home/s125mdg43_07/remote/rebuild_UAV/test/query_drone/drone_13_324.jpg,/usr1/home/s125mdg43_07/remote/stage2dataset/gallery/gallery_patch_000960.jpg,2250.0,3450.0,2258.15,3487.69
/usr1/home/s125mdg43_07/remote/rebuild_UAV/test/query_drone/drone_13_325.jpg,/usr1/home/s125mdg43_07/remote/stage2dataset/gallery/gallery_patch_000960.jpg,2250.0,3450.0,2260.37,3408.29
/usr1/home/s125mdg43_07/remote/rebuild_UAV/test/query_drone/drone_13_326.jpg,/usr1/home/s125mdg43_07/remote/stage2dataset/gallery/gallery_patch_000959.jpg,2250.0,3300.0,2259.26,3329.53
/usr1/home/s125mdg43_07/remote/rebuild_UAV/test/query_drone/drone_13_327.jpg,/usr1/home/s125mdg43_07/remote/stage2dataset/gallery/gallery_patch_000959.jpg,2250.0,3300.0,2257.05,3250.77
/usr1/home/s125mdg43_07/remote/rebuild_UAV/test/query_drone/drone_13_328.jpg,/usr1/home/s125mdg43_07/remote/stage2dataset/gallery/gallery_patch_000958.jpg,2250.0,3150.0,2258.15,3171.37
/usr1/home/s125mdg43_07/remote/rebuild_UAV/test/query_drone/drone_13_329.jpg,/usr1/home/s125mdg43_07/remote/stage2dataset/gallery/gallery_patch_000958.jpg,2250.0,3150.0,2255.94,3091.97
/usr1/home/s125mdg43_07/remote/rebuild_UAV/test/query_drone/drone_13_330.jpg,/usr1/home/s125mdg43_07/remote/stage2dataset/gallery/gallery_patch_000958.jpg,2250.0,3150.0,2257.05,3013.21
/usr1/home/s125mdg43_07/remote/rebuild_UAV/test/query_drone/drone_13_331.jpg,/usr1/home/s125mdg43_07/remote/stage2dataset/gallery/gallery_patch_000957.jpg,2250.0,3000.0,2258.15,2934.45
/usr1/home/s125mdg43_07/remote/rebuild_UAV/test/query_drone/drone_13_332.jpg,/usr1/home/s125mdg43_07/remote/stage2dataset/gallery/gallery_patch_000956.jpg,2250.0,2850.0,2258.15,2855.69
/usr1/home/s125mdg43_07/remote/rebuild_UAV/test/query_drone/drone_13_333.jpg,/usr1/home/s125mdg43_07/remote/stage2dataset/gallery/gallery_patch_000956.jpg,2250.0,2850.0,2259.26,2776.29
/usr1/home/s125mdg43_07/remote/rebuild_UAV/test/query_drone/drone_13_334.jpg,/usr1/home/s125mdg43_07/remote/stage2dataset/gallery/gallery_patch_000955.jpg,2250.0,2700.0,2252.61,2697.53
/usr1/home/s125mdg43_07/remote/rebuild_UAV/test/query_drone/drone_13_335.jpg,/usr1/home/s125mdg43_07/remote/stage2dataset/gallery/gallery_patch_000955.jpg,2250.0,2700.0,2263.69,2618.13
/usr1/home/s125mdg43_07/remote/rebuild_UAV/test/query_drone/drone_13_336.jpg,/usr1/home/s125mdg43_07/remote/stage2dataset/gallery/gallery_patch_000954.jpg,2250.0,2550.0,2259.26,2539.37
/usr1/home/s125mdg43_07/remote/rebuild_UAV/test/query_drone/drone_13_337.jpg,/usr1/home/s125mdg43_07/remote/stage2dataset/gallery/gallery_patch_000953.jpg,2250.0,2400.0,2257.05,2460.61
/usr1/home/s125mdg43_07/remote/rebuild_UAV/test/query_drone/drone_13_338.jpg,/usr1/home/s125mdg43_07/remote/stage2dataset/gallery/gallery_patch_000953.jpg,2250.0,2400.0,2260.37,2381.21
/usr1/home/s125mdg43_07/remote/rebuild_UAV/test/query_drone/drone_13_339.jpg,/usr1/home/s125mdg43_07/remote/stage2dataset/gallery/gallery_patch_000953.jpg,2250.0,2400.0,2257.05,2302.45
/usr1/home/s125mdg43_07/remote/rebuild_UAV/test/query_drone/drone_13_340.jpg,/usr1/home/s125mdg43_07/remote/stage2dataset/gallery/gallery_patch_000952.jpg,2250.0,2250.0,2257.05,2223.05
/usr1/home/s125mdg43_07/remote/rebuild_UAV/test/query_drone/drone_13_341.jpg,/usr1/home/s125mdg43_07/remote/stage2dataset/gallery/gallery_patch_000952.jpg,2250.0,2250.0,2259.26,2144.29
/usr1/home/s125mdg43_07/remote/rebuild_UAV/test/query_drone/drone_13_342.jpg,/usr1/home/s125mdg43_07/remote/stage2dataset/gallery/gallery_patch_000951.jpg,2250.0,2100.0,2258.15,2065.53
/usr1/home/s125mdg43_07/remote/rebuild_UAV/test/query_drone/drone_13_343.jpg,/usr1/home/s125mdg43_07/remote/stage2dataset/gallery/gallery_patch_000950.jpg,2250.0,1950.0,2258.15,1986.13
/usr1/home/s125mdg43_07/remote/rebuild_UAV/test/query_drone/drone_13_344.jpg,/usr1/home/s125mdg43_07/remote/stage2dataset/gallery/gallery_patch_000950.jpg,2250.0,1950.0,2258.15,1907.37
/usr1/home/s125mdg43_07/remote/rebuild_UAV/test/query_drone/drone_13_345.jpg,/usr1/home/s125mdg43_07/remote/stage2dataset/gallery/gallery_patch_001018.jpg,2400.0,2100.0,2257.05,1828.61
/usr1/home/s125mdg43_07/remote/rebuild_UAV/test/query_drone/drone_13_346.jpg,/usr1/home/s125mdg43_07/remote/stage2dataset/gallery/gallery_patch_000949.jpg,2250.0,1800.0,2257.05,1749.21
/usr1/home/s125mdg43_07/remote/rebuild_UAV/test/query_drone/drone_13_347.jpg,/usr1/home/s125mdg43_07/remote/stage2dataset/gallery/gallery_patch_000948.jpg,2250.0,1650.0,2255.94,1670.45
/usr1/home/s125mdg43_07/remote/rebuild_UAV/test/query_drone/drone_13_348.jpg,/usr1/home/s125mdg43_07/remote/stage2dataset/gallery/gallery_patch_000948.jpg,2250.0,1650.0,2258.15,1591.69
/usr1/home/s125mdg43_07/remote/rebuild_UAV/test/query_drone/drone_13_349.jpg,/usr1/home/s125mdg43_07/remote/stage2dataset/gallery/gallery_patch_000947.jpg,2250.0,1500.0,2257.05,1512.29
/usr1/home/s125mdg43_07/remote/rebuild_UAV/test/query_drone/drone_13_350.jpg,/usr1/home/s125mdg43_07/remote/stage2dataset/gallery/gallery_patch_001080.jpg,2550.0,1350.0,2257.05,1433.53
/usr1/home/s125mdg43_07/remote/rebuild_UAV/test/query_drone/drone_13_351.jpg,/usr1/home/s125mdg43_07/remote/stage2dataset/gallery/gallery_patch_000946.jpg,2250.0,1350.0,2257.05,1354.77
/usr1/home/s125mdg43_07/remote/rebuild_UAV/test/query_drone/drone_13_352.jpg,/usr1/home/s125mdg43_07/remote/stage2dataset/gallery/gallery_patch_000946.jpg,2250.0,1350.0,2255.94,1275.37
/usr1/home/s125mdg43_07/remote/rebuild_UAV/test/query_drone/drone_13_353.jpg,/usr1/home/s125mdg43_07/remote/stage2dataset/gallery/gallery_patch_000945.jpg,2250.0,1200.0,2258.15,1195.97
/usr1/home/s125mdg43_07/remote/rebuild_UAV/test/query_drone/drone_13_354.jpg,/usr1/home/s125mdg43_07/remote/stage2dataset/gallery/gallery_patch_000944.jpg,2250.0,1050.0,2257.05,1117.21
/usr1/home/s125mdg43_07/remote/rebuild_UAV/test/query_drone/drone_13_355.jpg,/usr1/home/s125mdg43_07/remote/stage2dataset/gallery/gallery_patch_000944.jpg,2250.0,1050.0,2258.15,1038.45
/usr1/home/s125mdg43_07/remote/rebuild_UAV/test/query_drone/drone_13_356.jpg,/usr1/home/s125mdg43_07/remote/stage2dataset/gallery/gallery_patch_000944.jpg,2250.0,1050.0,2257.05,977.47
/usr1/home/s125mdg43_07/remote/rebuild_UAV/test/query_drone/drone_13_357.jpg,/usr1/home/s125mdg43_07/remote/stage2dataset/gallery/gallery_patch_001011.jpg,2400.0,1050.0,2456.35,1051.46
/usr1/home/s125mdg43_07/remote/rebuild_UAV/test/query_drone/drone_13_358.jpg,/usr1/home/s125mdg43_07/remote/stage2dataset/gallery/gallery_patch_001011.jpg,2400.0,1050.0,2455.25,1130.86
/usr1/home/s125mdg43_07/remote/rebuild_UAV/test/query_drone/drone_13_359.jpg,/usr1/home/s125mdg43_07/remote/stage2dataset/gallery/gallery_patch_001012.jpg,2400.0,1200.0,2456.35,1210.25
/usr1/home/s125mdg43_07/remote/rebuild_UAV/test/query_drone/drone_13_360.jpg,/usr1/home/s125mdg43_07/remote/stage2dataset/gallery/gallery_patch_001013.jpg,2400.0,1350.0,2455.25,1289.01
/usr1/home/s125mdg43_07/remote/rebuild_UAV/test/query_drone/drone_13_361.jpg,/usr1/home/s125mdg43_07/remote/stage2dataset/gallery/gallery_patch_001013.jpg,2400.0,1350.0,2455.25,1367.78
/usr1/home/s125mdg43_07/remote/rebuild_UAV/test/query_drone/drone_13_362.jpg,/usr1/home/s125mdg43_07/remote/stage2dataset/gallery/gallery_patch_001014.jpg,2400.0,1500.0,2455.25,1447.17
/usr1/home/s125mdg43_07/remote/rebuild_UAV/test/query_drone/drone_13_363.jpg,/usr1/home/s125mdg43_07/remote/stage2dataset/gallery/gallery_patch_001014.jpg,2400.0,1500.0,2455.25,1525.93
/usr1/home/s125mdg43_07/remote/rebuild_UAV/test/query_drone/drone_13_364.jpg,/usr1/home/s125mdg43_07/remote/stage2dataset/gallery/gallery_patch_001015.jpg,2400.0,1650.0,2456.35,1604.7
/usr1/home/s125mdg43_07/remote/rebuild_UAV/test/query_drone/drone_13_365.jpg,/usr1/home/s125mdg43_07/remote/stage2dataset/gallery/gallery_patch_001015.jpg,2400.0,1650.0,2456.35,1684.09
/usr1/home/s125mdg43_07/remote/rebuild_UAV/test/query_drone/drone_13_366.jpg,/usr1/home/s125mdg43_07/remote/stage2dataset/gallery/gallery_patch_001015.jpg,2400.0,1650.0,2457.46,1762.85
/usr1/home/s125mdg43_07/remote/rebuild_UAV/test/query_drone/drone_13_367.jpg,/usr1/home/s125mdg43_07/remote/stage2dataset/gallery/gallery_patch_001016.jpg,2400.0,1800.0,2456.35,1841.62
/usr1/home/s125mdg43_07/remote/rebuild_UAV/test/query_drone/drone_13_368.jpg,/usr1/home/s125mdg43_07/remote/stage2dataset/gallery/gallery_patch_001016.jpg,2400.0,1800.0,2457.46,1921.01
/usr1/home/s125mdg43_07/remote/rebuild_UAV/test/query_drone/drone_13_369.jpg,/usr1/home/s125mdg43_07/remote/stage2dataset/gallery/gallery_patch_001085.jpg,2550.0,2100.0,2456.35,1999.77
/usr1/home/s125mdg43_07/remote/rebuild_UAV/test/query_drone/drone_13_370.jpg,/usr1/home/s125mdg43_07/remote/stage2dataset/gallery/gallery_patch_001018.jpg,2400.0,2100.0,2455.25,2078.54
/usr1/home/s125mdg43_07/remote/rebuild_UAV/test/query_drone/drone_13_371.jpg,/usr1/home/s125mdg43_07/remote/stage2dataset/gallery/gallery_patch_001018.jpg,2400.0,2100.0,2456.35,2157.93
/usr1/home/s125mdg43_07/remote/rebuild_UAV/test/query_drone/drone_13_372.jpg,/usr1/home/s125mdg43_07/remote/stage2dataset/gallery/gallery_patch_001018.jpg,2400.0,2100.0,2458.56,2237.33
/usr1/home/s125mdg43_07/remote/rebuild_UAV/test/query_drone/drone_13_373.jpg,/usr1/home/s125mdg43_07/remote/stage2dataset/gallery/gallery_patch_001019.jpg,2400.0,2250.0,2458.56,2316.09
/usr1/home/s125mdg43_07/remote/rebuild_UAV/test/query_drone/drone_13_374.jpg,/usr1/home/s125mdg43_07/remote/stage2dataset/gallery/gallery_patch_001020.jpg,2400.0,2400.0,2456.35,2394.85
/usr1/home/s125mdg43_07/remote/rebuild_UAV/test/query_drone/drone_13_375.jpg,/usr1/home/s125mdg43_07/remote/stage2dataset/gallery/gallery_patch_001021.jpg,2400.0,2550.0,2456.35,2473.62
/usr1/home/s125mdg43_07/remote/rebuild_UAV/test/query_drone/drone_13_376.jpg,/usr1/home/s125mdg43_07/remote/stage2dataset/gallery/gallery_patch_001021.jpg,2400.0,2550.0,2458.56,2553.01
/usr1/home/s125mdg43_07/remote/rebuild_UAV/test/query_drone/drone_13_377.jpg,/usr1/home/s125mdg43_07/remote/stage2dataset/gallery/gallery_patch_001021.jpg,2400.0,2550.0,2458.56,2631.77
/usr1/home/s125mdg43_07/remote/rebuild_UAV/test/query_drone/drone_13_378.jpg,/usr1/home/s125mdg43_07/remote/stage2dataset/gallery/gallery_patch_001022.jpg,2400.0,2700.0,2457.46,2710.54
/usr1/home/s125mdg43_07/remote/rebuild_UAV/test/query_drone/drone_13_379.jpg,/usr1/home/s125mdg43_07/remote/stage2dataset/gallery/gallery_patch_001022.jpg,2400.0,2700.0,2457.46,2789.93
/usr1/home/s125mdg43_07/remote/rebuild_UAV/test/query_drone/drone_13_380.jpg,/usr1/home/s125mdg43_07/remote/stage2dataset/gallery/gallery_patch_001023.jpg,2400.0,2850.0,2457.46,2868.7
/usr1/home/s125mdg43_07/remote/rebuild_UAV/test/query_drone/drone_13_381.jpg,/usr1/home/s125mdg43_07/remote/stage2dataset/gallery/gallery_patch_001024.jpg,2400.0,3000.0,2457.46,2948.09
/usr1/home/s125mdg43_07/remote/rebuild_UAV/test/query_drone/drone_13_382.jpg,/usr1/home/s125mdg43_07/remote/stage2dataset/gallery/gallery_patch_001024.jpg,2400.0,3000.0,2457.46,3026.85
/usr1/home/s125mdg43_07/remote/rebuild_UAV/test/query_drone/drone_13_383.jpg,/usr1/home/s125mdg43_07/remote/stage2dataset/gallery/gallery_patch_001024.jpg,2400.0,3000.0,2456.35,3106.25
/usr1/home/s125mdg43_07/remote/rebuild_UAV/test/query_drone/drone_13_384.jpg,/usr1/home/s125mdg43_07/remote/stage2dataset/gallery/gallery_patch_001092.jpg,2550.0,3150.0,2457.46,3185.01
/usr1/home/s125mdg43_07/remote/rebuild_UAV/test/query_drone/drone_13_385.jpg,/usr1/home/s125mdg43_07/remote/stage2dataset/gallery/gallery_patch_001093.jpg,2550.0,3300.0,2458.56,3263.77
/usr1/home/s125mdg43_07/remote/rebuild_UAV/test/query_drone/drone_13_386.jpg,/usr1/home/s125mdg43_07/remote/stage2dataset/gallery/gallery_patch_000756.jpg,1800.0,3000.0,2457.46,3343.17
/usr1/home/s125mdg43_07/remote/rebuild_UAV/test/query_drone/drone_13_387.jpg,/usr1/home/s125mdg43_07/remote/stage2dataset/gallery/gallery_patch_000691.jpg,1650.0,3300.0,2457.46,3421.93
/usr1/home/s125mdg43_07/remote/rebuild_UAV/test/query_drone/drone_13_388.jpg,/usr1/home/s125mdg43_07/remote/stage2dataset/gallery/gallery_patch_001027.jpg,2400.0,3450.0,2458.56,3500.69
/usr1/home/s125mdg43_07/remote/rebuild_UAV/test/query_drone/drone_13_389.jpg,/usr1/home/s125mdg43_07/remote/stage2dataset/gallery/gallery_patch_001095.jpg,2550.0,3600.0,2457.46,3580.09
/usr1/home/s125mdg43_07/remote/rebuild_UAV/test/query_drone/drone_13_390.jpg,/usr1/home/s125mdg43_07/remote/stage2dataset/gallery/gallery_patch_000627.jpg,1500.0,3750.0,2457.46,3658.85
/usr1/home/s125mdg43_07/remote/rebuild_UAV/test/query_drone/drone_13_391.jpg,/usr1/home/s125mdg43_07/remote/stage2dataset/gallery/gallery_patch_000294.jpg,750.0,4050.0,2457.46,3737.61
/usr1/home/s125mdg43_07/remote/rebuild_UAV/test/query_drone/drone_13_392.jpg,/usr1/home/s125mdg43_07/remote/stage2dataset/gallery/gallery_patch_000294.jpg,750.0,4050.0,2457.46,3817.01
/usr1/home/s125mdg43_07/remote/rebuild_UAV/test/query_drone/drone_13_393.jpg,/usr1/home/s125mdg43_07/remote/stage2dataset/gallery/gallery_patch_000896.jpg,2100.0,3900.0,2457.46,3895.77
/usr1/home/s125mdg43_07/remote/rebuild_UAV/test/query_drone/drone_13_394.jpg,/usr1/home/s125mdg43_07/remote/stage2dataset/gallery/gallery_patch_000901.jpg,2100.0,4650.0,2457.46,3975.17
/usr1/home/s125mdg43_07/remote/rebuild_UAV/test/query_drone/drone_13_395.jpg,/usr1/home/s125mdg43_07/remote/stage2dataset/gallery/gallery_patch_000562.jpg,1350.0,4050.0,2457.46,4053.93
/usr1/home/s125mdg43_07/remote/rebuild_UAV/test/query_drone/drone_13_396.jpg,/usr1/home/s125mdg43_07/remote/stage2dataset/gallery/gallery_patch_000700.jpg,1650.0,4650.0,2458.56,4133.33
/usr1/home/s125mdg43_07/remote/rebuild_UAV/test/query_drone/drone_13_397.jpg,/usr1/home/s125mdg43_07/remote/stage2dataset/gallery/gallery_patch_000700.jpg,1650.0,4650.0,2458.56,4212.09
/usr1/home/s125mdg43_07/remote/rebuild_UAV/test/query_drone/drone_13_398.jpg,/usr1/home/s125mdg43_07/remote/stage2dataset/gallery/gallery_patch_000565.jpg,1350.0,4500.0,2457.46,4290.85
/usr1/home/s125mdg43_07/remote/rebuild_UAV/test/query_drone/drone_13_399.jpg,/usr1/home/s125mdg43_07/remote/stage2dataset/gallery/gallery_patch_000901.jpg,2100.0,4650.0,2457.46,4370.25
/usr1/home/s125mdg43_07/remote/rebuild_UAV/test/query_drone/drone_13_400.jpg,/usr1/home/s125mdg43_07/remote/stage2dataset/gallery/gallery_patch_000565.jpg,1350.0,4500.0,2458.56,4449.01
/usr1/home/s125mdg43_07/remote/rebuild_UAV/test/query_drone/drone_13_401.jpg,/usr1/home/s125mdg43_07/remote/stage2dataset/gallery/gallery_patch_000901.jpg,2100.0,4650.0,2458.56,4527.77
/usr1/home/s125mdg43_07/remote/rebuild_UAV/test/query_drone/drone_13_402.jpg,/usr1/home/s125mdg43_07/remote/stage2dataset/gallery/gallery_patch_000901.jpg,2100.0,4650.0,2458.56,4607.17
/usr1/home/s125mdg43_07/remote/rebuild_UAV/test/query_drone/drone_13_403.jpg,/usr1/home/s125mdg43_07/remote/stage2dataset/gallery/gallery_patch_000901.jpg,2100.0,4650.0,2458.56,4685.93
/usr1/home/s125mdg43_07/remote/rebuild_UAV/test/query_drone/drone_13_404.jpg,/usr1/home/s125mdg43_07/remote/stage2dataset/gallery/gallery_patch_000565.jpg,1350.0,4500.0,2458.56,4764.69
/usr1/home/s125mdg43_07/remote/rebuild_UAV/test/query_drone/drone_13_405.jpg,/usr1/home/s125mdg43_07/remote/stage2dataset/gallery/gallery_patch_000565.jpg,1350.0,4500.0,2458.56,4844.09
/usr1/home/s125mdg43_07/remote/rebuild_UAV/test/query_drone/drone_13_406.jpg,/usr1/home/s125mdg43_07/remote/stage2dataset/gallery/gallery_patch_000500.jpg,1200.0,4800.0,2458.56,4922.85
/usr1/home/s125mdg43_07/remote/rebuild_UAV/test/query_drone/drone_13_407.jpg,/usr1/home/s125mdg43_07/remote/stage2dataset/gallery/gallery_patch_000701.jpg,1650.0,4800.0,2458.56,5002.25
/usr1/home/s125mdg43_07/remote/rebuild_UAV/test/query_drone/drone_13_408.jpg,/usr1/home/s125mdg43_07/remote/stage2dataset/gallery/gallery_patch_000701.jpg,1650.0,4800.0,2457.46,5081.01
/usr1/home/s125mdg43_07/remote/rebuild_UAV/test/query_drone/drone_13_409.jpg,/usr1/home/s125mdg43_07/remote/stage2dataset/gallery/gallery_patch_000701.jpg,1650.0,4800.0,2458.56,5159.77
/usr1/home/s125mdg43_07/remote/rebuild_UAV/test/query_drone/drone_13_410.jpg,/usr1/home/s125mdg43_07/remote/stage2dataset/gallery/gallery_patch_000701.jpg,1650.0,4800.0,2458.56,5239.17
/usr1/home/s125mdg43_07/remote/rebuild_UAV/test/query_drone/drone_13_411.jpg,/usr1/home/s125mdg43_07/remote/stage2dataset/gallery/gallery_patch_000701.jpg,1650.0,4800.0,2457.46,5317.93
/usr1/home/s125mdg43_07/remote/rebuild_UAV/test/query_drone/drone_13_412.jpg,/usr1/home/s125mdg43_07/remote/stage2dataset/gallery/gallery_patch_000563.jpg,1350.0,4200.0,2457.46,5397.33
/usr1/home/s125mdg43_07/remote/rebuild_UAV/test/query_drone/drone_13_413.jpg,/usr1/home/s125mdg43_07/remote/stage2dataset/gallery/gallery_patch_000563.jpg,1350.0,4200.0,2458.56,5476.09
/usr1/home/s125mdg43_07/remote/rebuild_UAV/test/query_drone/drone_13_414.jpg,/usr1/home/s125mdg43_07/remote/stage2dataset/gallery/gallery_patch_000565.jpg,1350.0,4500.0,2457.46,5554.85
/usr1/home/s125mdg43_07/remote/rebuild_UAV/test/query_drone/drone_13_415.jpg,/usr1/home/s125mdg43_07/remote/stage2dataset/gallery/gallery_patch_000500.jpg,1200.0,4800.0,2458.56,5634.25
/usr1/home/s125mdg43_07/remote/rebuild_UAV/test/query_drone/drone_13_416.jpg,/usr1/home/s125mdg43_07/remote/stage2dataset/gallery/gallery_patch_000025.jpg,150.0,3900.0,2459.67,5713.65
/usr1/home/s125mdg43_07/remote/rebuild_UAV/test/query_drone/drone_13_417.jpg,/usr1/home/s125mdg43_07/remote/stage2dataset/gallery/gallery_patch_000025.jpg,150.0,3900.0,2458.56,5792.41
/usr1/home/s125mdg43_07/remote/rebuild_UAV/test/query_drone/drone_13_418.jpg,/usr1/home/s125mdg43_07/remote/stage2dataset/gallery/gallery_patch_000567.jpg,1350.0,4800.0,2458.56,5871.17
/usr1/home/s125mdg43_07/remote/rebuild_UAV/test/query_drone/drone_13_419.jpg,/usr1/home/s125mdg43_07/remote/stage2dataset/gallery/gallery_patch_000500.jpg,1200.0,4800.0,2458.56,5950.57
/usr1/home/s125mdg43_07/remote/rebuild_UAV/test/query_drone/drone_13_420.jpg,/usr1/home/s125mdg43_07/remote/stage2dataset/gallery/gallery_patch_000025.jpg,150.0,3900.0,2458.56,6029.33
/usr1/home/s125mdg43_07/remote/rebuild_UAV/test/query_drone/drone_13_421.jpg,/usr1/home/s125mdg43_07/remote/stage2dataset/gallery/gallery_patch_000298.jpg,750.0,4650.0,2458.56,6108.09
/usr1/home/s125mdg43_07/remote/rebuild_UAV/test/query_drone/drone_13_422.jpg,/usr1/home/s125mdg43_07/remote/stage2dataset/gallery/gallery_patch_000096.jpg,300.0,4500.0,2459.67,6186.85
/usr1/home/s125mdg43_07/remote/rebuild_UAV/test/query_drone/drone_13_423.jpg,/usr1/home/s125mdg43_07/remote/stage2dataset/gallery/gallery_patch_000096.jpg,300.0,4500.0,2461.88,6266.25
/usr1/home/s125mdg43_07/remote/rebuild_UAV/test/query_drone/drone_13_424.jpg,/usr1/home/s125mdg43_07/remote/stage2dataset/gallery/gallery_patch_000096.jpg,300.0,4500.0,2459.67,6345.01
/usr1/home/s125mdg43_07/remote/rebuild_UAV/test/query_drone/drone_13_425.jpg,/usr1/home/s125mdg43_07/remote/stage2dataset/gallery/gallery_patch_000505.jpg,1200.0,5550.0,2458.56,6424.41
/usr1/home/s125mdg43_07/remote/rebuild_UAV/test/query_drone/drone_13_426.jpg,/usr1/home/s125mdg43_07/remote/stage2dataset/gallery/gallery_patch_001048.jpg,2400.0,6600.0,2458.56,6503.17
/usr1/home/s125mdg43_07/remote/rebuild_UAV/test/query_drone/drone_13_427.jpg,/usr1/home/s125mdg43_07/remote/stage2dataset/gallery/gallery_patch_001114.jpg,2550.0,6450.0,2459.67,6581.93
/usr1/home/s125mdg43_07/remote/rebuild_UAV/test/query_drone/drone_13_428.jpg,/usr1/home/s125mdg43_07/remote/stage2dataset/gallery/gallery_patch_001116.jpg,2550.0,6750.0,2459.67,6661.33
/usr1/home/s125mdg43_07/remote/rebuild_UAV/test/query_drone/drone_13_429.jpg,/usr1/home/s125mdg43_07/remote/stage2dataset/gallery/gallery_patch_000168.jpg,450.0,5250.0,2457.46,6740.09
/usr1/home/s125mdg43_07/remote/rebuild_UAV/test/query_drone/drone_13_430.jpg,/usr1/home/s125mdg43_07/remote/stage2dataset/gallery/gallery_patch_000917.jpg,2100.0,7050.0,2458.56,6819.49
/usr1/home/s125mdg43_07/remote/rebuild_UAV/test/query_drone/drone_13_431.jpg,/usr1/home/s125mdg43_07/remote/stage2dataset/gallery/gallery_patch_000917.jpg,2100.0,7050.0,2461.88,6898.25
/usr1/home/s125mdg43_07/remote/rebuild_UAV/test/query_drone/drone_13_432.jpg,/usr1/home/s125mdg43_07/remote/stage2dataset/gallery/gallery_patch_001050.jpg,2400.0,6900.0,2461.88,6977.01
/usr1/home/s125mdg43_07/remote/rebuild_UAV/test/query_drone/drone_13_433.jpg,/usr1/home/s125mdg43_07/remote/stage2dataset/gallery/gallery_patch_001051.jpg,2400.0,7050.0,2461.88,7056.41
/usr1/home/s125mdg43_07/remote/rebuild_UAV/test/query_drone/drone_13_434.jpg,/usr1/home/s125mdg43_07/remote/stage2dataset/gallery/gallery_patch_001051.jpg,2400.0,7050.0,2461.88,7135.17
/usr1/home/s125mdg43_07/remote/rebuild_UAV/test/query_drone/drone_13_435.jpg,/usr1/home/s125mdg43_07/remote/stage2dataset/gallery/gallery_patch_001119.jpg,2550.0,7200.0,2459.67,7213.93
/usr1/home/s125mdg43_07/remote/rebuild_UAV/test/query_drone/drone_13_436.jpg,/usr1/home/s125mdg43_07/remote/stage2dataset/gallery/gallery_patch_001120.jpg,2550.0,7350.0,2458.56,7293.33
/usr1/home/s125mdg43_07/remote/rebuild_UAV/test/query_drone/drone_13_437.jpg,/usr1/home/s125mdg43_07/remote/stage2dataset/gallery/gallery_patch_001120.jpg,2550.0,7350.0,2457.46,7372.09
/usr1/home/s125mdg43_07/remote/rebuild_UAV/test/query_drone/drone_13_438.jpg,/usr1/home/s125mdg43_07/remote/stage2dataset/gallery/gallery_patch_001121.jpg,2550.0,7500.0,2457.46,7450.85
/usr1/home/s125mdg43_07/remote/rebuild_UAV/test/query_drone/drone_13_439.jpg,/usr1/home/s125mdg43_07/remote/stage2dataset/gallery/gallery_patch_001122.jpg,2550.0,7650.0,2457.46,7530.25
/usr1/home/s125mdg43_07/remote/rebuild_UAV/test/query_drone/drone_13_440.jpg,/usr1/home/s125mdg43_07/remote/stage2dataset/gallery/gallery_patch_001122.jpg,2550.0,7650.0,2459.67,7609.64
/usr1/home/s125mdg43_07/remote/rebuild_UAV/test/query_drone/drone_13_441.jpg,/usr1/home/s125mdg43_07/remote/stage2dataset/gallery/gallery_patch_001055.jpg,2400.0,7650.0,2458.56,7688.4
/usr1/home/s125mdg43_07/remote/rebuild_UAV/test/query_drone/drone_13_442.jpg,/usr1/home/s125mdg43_07/remote/stage2dataset/gallery/gallery_patch_001055.jpg,2400.0,7650.0,2459.67,7767.17
/usr1/home/s125mdg43_07/remote/rebuild_UAV/test/query_drone/drone_13_443.jpg,/usr1/home/s125mdg43_07/remote/stage2dataset/gallery/gallery_patch_001124.jpg,2550.0,7950.0,2461.88,7846.56
/usr1/home/s125mdg43_07/remote/rebuild_UAV/test/query_drone/drone_13_444.jpg,/usr1/home/s125mdg43_07/remote/stage2dataset/gallery/gallery_patch_000513.jpg,1200.0,6750.0,2461.88,7925.33
/usr1/home/s125mdg43_07/remote/rebuild_UAV/test/query_drone/drone_13_445.jpg,/usr1/home/s125mdg43_07/remote/stage2dataset/gallery/gallery_patch_000446.jpg,1050.0,6750.0,2459.67,8004.09
/usr1/home/s125mdg43_07/remote/rebuild_UAV/test/query_drone/drone_13_446.jpg,/usr1/home/s125mdg43_07/remote/stage2dataset/gallery/gallery_patch_001057.jpg,2400.0,7950.0,2458.56,8083.48
/usr1/home/s125mdg43_07/remote/rebuild_UAV/test/query_drone/drone_13_447.jpg,/usr1/home/s125mdg43_07/remote/stage2dataset/gallery/gallery_patch_001058.jpg,2400.0,8100.0,2459.67,8162.25
/usr1/home/s125mdg43_07/remote/rebuild_UAV/test/query_drone/drone_13_448.jpg,/usr1/home/s125mdg43_07/remote/stage2dataset/gallery/gallery_patch_001127.jpg,2550.0,8400.0,2461.88,8241.01
/usr1/home/s125mdg43_07/remote/rebuild_UAV/test/query_drone/drone_13_449.jpg,/usr1/home/s125mdg43_07/remote/stage2dataset/gallery/gallery_patch_001127.jpg,2550.0,8400.0,2461.88,8320.4
/usr1/home/s125mdg43_07/remote/rebuild_UAV/test/query_drone/drone_13_450.jpg,/usr1/home/s125mdg43_07/remote/stage2dataset/gallery/gallery_patch_001127.jpg,2550.0,8400.0,2461.88,8399.17
/usr1/home/s125mdg43_07/remote/rebuild_UAV/test/query_drone/drone_13_451.jpg,/usr1/home/s125mdg43_07/remote/stage2dataset/gallery/gallery_patch_000119.jpg,300.0,7950.0,2459.67,8478.56
/usr1/home/s125mdg43_07/remote/rebuild_UAV/test/query_drone/drone_13_452.jpg,/usr1/home/s125mdg43_07/remote/stage2dataset/gallery/gallery_patch_001127.jpg,2550.0,8400.0,2458.56,8557.33
/usr1/home/s125mdg43_07/remote/rebuild_UAV/test/query_drone/drone_13_453.jpg,/usr1/home/s125mdg43_07/remote/stage2dataset/gallery/gallery_patch_001128.jpg,2550.0,8550.0,2458.56,8636.72
/usr1/home/s125mdg43_07/remote/rebuild_UAV/test/query_drone/drone_13_454.jpg,/usr1/home/s125mdg43_07/remote/stage2dataset/gallery/gallery_patch_001129.jpg,2550.0,8700.0,2459.67,8715.48
/usr1/home/s125mdg43_07/remote/rebuild_UAV/test/query_drone/drone_13_455.jpg,/usr1/home/s125mdg43_07/remote/stage2dataset/gallery/gallery_patch_001129.jpg,2550.0,8700.0,2459.67,8794.25
/usr1/home/s125mdg43_07/remote/rebuild_UAV/test/query_drone/drone_13_456.jpg,/usr1/home/s125mdg43_07/remote/stage2dataset/gallery/gallery_patch_000453.jpg,1050.0,7800.0,2459.67,8873.64
/usr1/home/s125mdg43_07/remote/rebuild_UAV/test/query_drone/drone_13_457.jpg,/usr1/home/s125mdg43_07/remote/stage2dataset/gallery/gallery_patch_001130.jpg,2550.0,8850.0,2461.88,8952.4
/usr1/home/s125mdg43_07/remote/rebuild_UAV/test/query_drone/drone_13_458.jpg,/usr1/home/s125mdg43_07/remote/stage2dataset/gallery/gallery_patch_001131.jpg,2550.0,9000.0,2463.0,9031.17
/usr1/home/s125mdg43_07/remote/rebuild_UAV/test/query_drone/drone_13_459.jpg,/usr1/home/s125mdg43_07/remote/stage2dataset/gallery/gallery_patch_001132.jpg,2550.0,9150.0,2459.67,9110.56
/usr1/home/s125mdg43_07/remote/rebuild_UAV/test/query_drone/drone_13_460.jpg,/usr1/home/s125mdg43_07/remote/stage2dataset/gallery/gallery_patch_001132.jpg,2550.0,9150.0,2461.88,9189.33
